1forge.com-0.0.1-swagger.yaml,2.0,0.0
6-dot-authentiqio.appspot.com-6-swagger.yaml,5.0,0.0
adafruit.com-2.0.0-swagger.yaml,36.0,0.0
adobe.com-aem-2.5.0-pre-swagger.yaml,39.0,0.0
afterbanks.com-3.0.0-swagger.yaml,3.0,0.0
agco-ats.com-v1-swagger.yaml,109.0,0.0
aiception.com-1.0.0-swagger.yaml,10.0,0.0
airport-web.appspot.com-v1-swagger.yaml,1.0,0.0
akeneo.com-1.0.0-swagger.yaml,57.0,0.0
amentum.space-atmosphere-0.9.4-swagger.yaml,2.0,0.0
amentum.space-cosmic-ray-1.2.0-swagger.yaml,3.0,0.0
amentum.space-global-magnet-1.0.1-swagger.yaml,1.0,0.0
anchore.io-0.1.13-swagger.yaml,63.0,0.0
apache.org-qakka-v1-swagger.yaml,7.0,0.0
apacta.com-0.0.1-swagger.yaml,81.0,0.0
api2cart.com-1.1-swagger.yaml,130.0,0.0
apidapp.com-2019-02-14T164701Z-swagger.yaml,26.0,0.0
apigee.net-marketcheck-cars-1.6-swagger.yaml,19.0,0.0
apimatic.io-1.0-swagger.yaml,1.0,0.0
apis.guru-2.0.1-swagger.yaml,2.0,0.0
appveyor.com-1.0.0-swagger.yaml,34.0,0.0
archive.org-search-1.0.0-swagger.yaml,3.0,0.0
archive.org-wayback-1.0.0-swagger.yaml,1.0,0.0
art19.com-1.0.0-swagger.yaml,22.0,0.0
atlassian.com-jira-v3-swagger.yaml,196.0,0.0
ato.gov.au-0.0.6-swagger.yaml,38.0,0.0
aucklandmuseum.com-2.0.0-swagger.yaml,4.0,0.0
authentiq.io-1.0-swagger.yaml,6.0,0.0
avaza.com-v1-swagger.yaml,42.0,0.0
aviationdata.systems-v1-swagger.yaml,6.0,0.0
axesso.de-1.0.0-swagger.yaml,4.0,0.0
azure.com-addons-addons-swagger-2018-03-01-swagger.yaml,3.0,0.0
azure.com-adhybridhealthservice-ADHybridHealthService-2014-01-01-swagger.yaml,60.0,0.0
azure.com-advisor-2020-01-01-swagger.yaml,13.0,0.0
azure.com-alertsmanagement-AlertsManagement-2018-11-02-privatepreview-swagger.yaml,13.0,0.0
azure.com-alertsmanagement-AlertsManagement-2019-03-01-swagger.yaml,10.0,0.0
azure.com-alertsmanagement-AlertsManagement-2019-05-05-preview-swagger.yaml,14.0,0.0
azure.com-alertsmanagement-SmartDetectorAlertRulesApi-2019-06-01-swagger.yaml,3.0,0.0
azure.com-analysisservices-2017-08-01-beta-swagger.yaml,13.0,0.0
azure.com-analysisservices-2017-08-01-swagger.yaml,13.0,0.0
azure.com-apimanagement-2019-01-01-swagger.yaml,0.0,0.0
azure.com-apimanagement-2019-12-01-preview-swagger.yaml,0.0,0.0
azure.com-apimanagement-apimapis-2019-01-01-swagger.yaml,29.0,0.0
azure.com-apimanagement-apimapis-2019-12-01-preview-swagger.yaml,29.0,0.0
azure.com-apimanagement-apimapisByTags-2018-06-01-preview-swagger.yaml,1.0,0.0
azure.com-apimanagement-apimapisByTags-2019-01-01-swagger.yaml,1.0,0.0
azure.com-apimanagement-apimapisByTags-2019-12-01-preview-swagger.yaml,1.0,0.0
azure.com-apimanagement-apimapiversionsets-2019-01-01-swagger.yaml,2.0,0.0
azure.com-apimanagement-apimapiversionsets-2019-12-01-preview-swagger.yaml,2.0,0.0
azure.com-apimanagement-apimauthorizationservers-2019-01-01-swagger.yaml,2.0,0.0
azure.com-apimanagement-apimauthorizationservers-2019-12-01-preview-swagger.yaml,3.0,0.0
azure.com-apimanagement-apimbackends-2019-01-01-swagger.yaml,3.0,0.0
azure.com-apimanagement-apimbackends-2019-12-01-preview-swagger.yaml,3.0,0.0
azure.com-apimanagement-apimcaches-2019-01-01-swagger.yaml,2.0,0.0
azure.com-apimanagement-apimcaches-2019-12-01-preview-swagger.yaml,2.0,0.0
azure.com-apimanagement-apimcertificates-2019-01-01-swagger.yaml,2.0,0.0
azure.com-apimanagement-apimcertificates-2019-12-01-preview-swagger.yaml,2.0,0.0
azure.com-apimanagement-apimdeployment-2019-01-01-swagger.yaml,10.0,0.0
azure.com-apimanagement-apimdeployment-2019-12-01-preview-swagger.yaml,10.0,0.0
azure.com-apimanagement-apimdiagnostics-2019-01-01-swagger.yaml,2.0,0.0
azure.com-apimanagement-apimdiagnostics-2019-12-01-preview-swagger.yaml,2.0,0.0
azure.com-apimanagement-apimemailtemplates-2019-01-01-swagger.yaml,2.0,0.0
azure.com-apimanagement-apimemailtemplates-2019-12-01-preview-swagger.yaml,2.0,0.0
azure.com-apimanagement-apimgroups-2019-01-01-swagger.yaml,4.0,0.0
azure.com-apimanagement-apimgroups-2019-12-01-preview-swagger.yaml,4.0,0.0
azure.com-apimanagement-apimidentityprovider-2019-01-01-swagger.yaml,2.0,0.0
azure.com-apimanagement-apimidentityprovider-2019-12-01-preview-swagger.yaml,3.0,0.0
azure.com-apimanagement-apimissues-2019-01-01-swagger.yaml,2.0,0.0
azure.com-apimanagement-apimissues-2019-12-01-preview-swagger.yaml,2.0,0.0
azure.com-apimanagement-apimloggers-2019-01-01-swagger.yaml,2.0,0.0
azure.com-apimanagement-apimloggers-2019-12-01-preview-swagger.yaml,2.0,0.0
azure.com-apimanagement-apimnamedvalues-2019-12-01-preview-swagger.yaml,2.0,0.0
azure.com-apimanagement-apimnetworkstatus-2019-01-01-swagger.yaml,2.0,0.0
azure.com-apimanagement-apimnetworkstatus-2019-12-01-preview-swagger.yaml,2.0,0.0
azure.com-apimanagement-apimnotifications-2019-01-01-swagger.yaml,6.0,0.0
azure.com-apimanagement-apimnotifications-2019-12-01-preview-swagger.yaml,6.0,0.0
azure.com-apimanagement-apimopenidconnectproviders-2019-01-01-swagger.yaml,2.0,0.0
azure.com-apimanagement-apimopenidconnectproviders-2019-12-01-preview-swagger.yaml,3.0,0.0
azure.com-apimanagement-apimpolicies-2019-01-01-swagger.yaml,2.0,0.0
azure.com-apimanagement-apimpolicies-2019-12-01-preview-swagger.yaml,2.0,0.0
azure.com-apimanagement-apimpolicydescriptions-2019-12-01-preview-swagger.yaml,1.0,0.0
azure.com-apimanagement-apimpolicysnippets-2019-01-01-swagger.yaml,1.0,0.0
azure.com-apimanagement-apimproducts-2019-01-01-swagger.yaml,11.0,0.0
azure.com-apimanagement-apimproducts-2019-12-01-preview-swagger.yaml,11.0,0.0
azure.com-apimanagement-apimproductsByTags-2019-01-01-swagger.yaml,1.0,0.0
azure.com-apimanagement-apimproductsByTags-2019-12-01-preview-swagger.yaml,1.0,0.0
azure.com-apimanagement-apimproperties-2019-01-01-swagger.yaml,2.0,0.0
azure.com-apimanagement-apimquotas-2019-01-01-swagger.yaml,2.0,0.0
azure.com-apimanagement-apimquotas-2019-12-01-preview-swagger.yaml,2.0,0.0
azure.com-apimanagement-apimregions-2019-01-01-swagger.yaml,1.0,0.0
azure.com-apimanagement-apimregions-2019-12-01-preview-swagger.yaml,1.0,0.0
azure.com-apimanagement-apimreports-2019-01-01-swagger.yaml,8.0,0.0
azure.com-apimanagement-apimreports-2019-12-01-preview-swagger.yaml,8.0,0.0
azure.com-apimanagement-apimsubscriptions-2019-01-01-swagger.yaml,4.0,0.0
azure.com-apimanagement-apimsubscriptions-2019-12-01-preview-swagger.yaml,5.0,0.0
azure.com-apimanagement-apimtagresources-2019-01-01-swagger.yaml,1.0,0.0
azure.com-apimanagement-apimtagresources-2019-12-01-preview-swagger.yaml,1.0,0.0
azure.com-apimanagement-apimtags-2019-01-01-swagger.yaml,2.0,0.0
azure.com-apimanagement-apimtags-2019-12-01-preview-swagger.yaml,2.0,0.0
azure.com-apimanagement-apimtenant-2019-01-01-swagger.yaml,10.0,0.0
azure.com-apimanagement-apimtenant-2019-12-01-preview-swagger.yaml,12.0,0.0
azure.com-apimanagement-apimusers-2019-01-01-swagger.yaml,8.0,0.0
azure.com-apimanagement-apimusers-2019-12-01-preview-swagger.yaml,8.0,0.0
azure.com-apimanagement-apimversionsets-2018-01-01-swagger.yaml,2.0,0.0
azure.com-apimanagement-apimversionsets-2018-06-01-preview-swagger.yaml,2.0,0.0
azure.com-apimanagement-definitions-2019-01-01-swagger.yaml,0.0,0.0
azure.com-apimanagement-definitions-2019-12-01-preview-swagger.yaml,0.0,0.0
azure.com-appconfiguration-2019-10-01-swagger.yaml,8.0,0.0
azure.com-appconfiguration-2019-11-01-preview-swagger.yaml,12.0,0.0
azure.com-applicationinsights-aiOperations_API-2015-05-01-swagger.yaml,1.0,0.0
azure.com-applicationinsights-analyticsItems_API-2015-05-01-swagger.yaml,2.0,0.0
azure.com-applicationinsights-componentApiKeys_API-2015-05-01-swagger.yaml,2.0,0.0
azure.com-applicationinsights-componentContinuousExport_API-2015-05-01-swagger.yaml,2.0,0.0
azure.com-applicationinsights-componentFeaturesAndPricing_API-2017-10-01-swagger.yaml,1.0,0.0
azure.com-applicationinsights-componentProactiveDetection_API-2018-05-01-preview-swagger.yaml,2.0,0.0
azure.com-applicationinsights-components_API-2015-05-01-swagger.yaml,5.0,0.0
azure.com-applicationinsights-componentWorkItemConfigs_API-2015-05-01-swagger.yaml,3.0,0.0
azure.com-applicationinsights-eaSubscriptionMigration_API-2017-10-01-swagger.yaml,3.0,0.0
azure.com-applicationinsights-favorites_API-2015-05-01-swagger.yaml,2.0,0.0
azure.com-applicationinsights-QueryPackQueries_API-2019-09-01-preview-swagger.yaml,3.0,0.0
azure.com-applicationinsights-QueryPacks_API-2019-09-01-preview-swagger.yaml,3.0,0.0
azure.com-applicationinsights-swagger-2018-04-20-swagger.yaml,6.0,0.0
azure.com-applicationinsights-webTestLocations_API-2015-05-01-swagger.yaml,1.0,0.0
azure.com-applicationinsights-webTests_API-2015-05-01-swagger.yaml,4.0,0.0
azure.com-applicationinsights-workbookOperations_API-2018-06-17-preview-swagger.yaml,1.0,0.0
azure.com-applicationinsights-workbooks_API-2018-06-17-preview-swagger.yaml,2.0,0.0
azure.com-applicationinsights-workbookTemplates_API-2019-10-17-preview-swagger.yaml,2.0,0.0
azure.com-appplatform-2019-05-01-preview-swagger.yaml,21.0,0.0
azure.com-attestation-2018-09-01-preview-swagger.yaml,4.0,0.0
azure.com-authorization-2015-07-01-swagger.yaml,13.0,0.0
azure.com-authorization-authorization-ClassicAdminCalls-2015-07-01-swagger.yaml,1.0,0.0
azure.com-authorization-authorization-DenyAssignmentGetCalls-2018-07-01-preview-swagger.yaml,6.0,0.0
azure.com-authorization-authorization-ElevateAccessCalls-2015-07-01-swagger.yaml,1.0,0.0
azure.com-authorization-authorization-ProviderOperationsCalls-2018-01-01-preview-swagger.yaml,2.0,0.0
azure.com-authorization-authorization-RACalls-2017-10-01-preview-swagger.yaml,6.0,0.0
azure.com-authorization-authorization-RoleAssignmentsCalls-2015-07-01-swagger.yaml,6.0,0.0
azure.com-authorization-authorization-RoleAssignmentsCalls-2018-09-01-preview-swagger.yaml,6.0,0.0
azure.com-authorization-authorization-RoleBasedCalls-2018-01-01-preview-swagger.yaml,12.0,0.0
azure.com-authorization-authorization-RoleDefinitionsCalls-2015-07-01-swagger.yaml,5.0,0.0
azure.com-authorization-authorization-RoleDefinitionsCalls-2018-01-01-preview-swagger.yaml,4.0,0.0
azure.com-automation-account-2015-10-31-swagger.yaml,7.0,0.0
azure.com-automation-certificate-2015-10-31-swagger.yaml,2.0,0.0
azure.com-automation-connection-2015-10-31-swagger.yaml,2.0,0.0
azure.com-automation-connectionType-2015-10-31-swagger.yaml,2.0,0.0
azure.com-automation-credential-2015-10-31-swagger.yaml,2.0,0.0
azure.com-automation-definitions-2018-06-10-swagger.yaml,0.0,0.0
azure.com-automation-dscCompilationJob-2018-01-15-swagger.yaml,4.0,0.0
azure.com-automation-dscConfiguration-2015-10-31-swagger.yaml,3.0,0.0
azure.com-automation-dscNode-2018-01-15-swagger.yaml,7.0,0.0
azure.com-automation-dscNodeConfiguration-2018-01-15-swagger.yaml,2.0,0.0
azure.com-automation-dscNodeCounts-2018-01-15-swagger.yaml,1.0,0.0
azure.com-automation-hybridRunbookWorkerGroup-2015-10-31-swagger.yaml,2.0,0.0
azure.com-automation-job-2015-10-31-swagger.yaml,9.0,0.0
azure.com-automation-job-2017-05-15-preview-swagger.yaml,9.0,0.0
azure.com-automation-jobSchedule-2015-10-31-swagger.yaml,2.0,0.0
azure.com-automation-linkedWorkspace-2015-10-31-swagger.yaml,1.0,0.0
azure.com-automation-module-2015-10-31-swagger.yaml,7.0,0.0
azure.com-automation-python2package-2018-06-30-swagger.yaml,2.0,0.0
azure.com-automation-runbook-2018-06-30-swagger.yaml,13.0,0.0
azure.com-automation-schedule-2015-10-31-swagger.yaml,2.0,0.0
azure.com-automation-softwareUpdateConfiguration-2017-05-15-preview-swagger.yaml,2.0,0.0
azure.com-automation-softwareUpdateConfigurationMachineRun-2017-05-15-preview-swagger.yaml,2.0,0.0
azure.com-automation-softwareUpdateConfigurationRun-2017-05-15-preview-swagger.yaml,2.0,0.0
azure.com-automation-sourceControl-2017-05-15-preview-swagger.yaml,2.0,0.0
azure.com-automation-sourceControlSyncJob-2017-05-15-preview-swagger.yaml,2.0,0.0
azure.com-automation-sourceControlSyncJobStreams-2017-05-15-preview-swagger.yaml,2.0,0.0
azure.com-automation-variable-2015-10-31-swagger.yaml,2.0,0.0
azure.com-automation-watcher-2015-10-31-swagger.yaml,4.0,0.0
azure.com-automation-webhook-2015-10-31-swagger.yaml,3.0,0.0
azure.com-azsadmin-AcquiredPlan-2015-11-01-swagger.yaml,2.0,0.0
azure.com-azsadmin-acquisitions-2019-08-08-preview-swagger.yaml,1.0,0.0
azure.com-azsadmin-ActionPlan-2019-01-01-swagger.yaml,2.0,0.0
azure.com-azsadmin-ActionPlanOperation-2019-01-01-swagger.yaml,2.0,0.0
azure.com-azsadmin-Activation-2016-01-01-swagger.yaml,2.0,0.0
azure.com-azsadmin-Alert-2016-05-01-swagger.yaml,3.0,0.0
azure.com-azsadmin-ApplicationOperationResults-2016-05-01-swagger.yaml,2.0,0.0
azure.com-azsadmin-AzureBridge-2016-01-01-swagger.yaml,1.0,0.0
azure.com-azsadmin-Backup-2018-09-01-swagger.yaml,1.0,0.0
azure.com-azsadmin-BackupLocations-2018-09-01-swagger.yaml,3.0,0.0
azure.com-azsadmin-Backups-2018-09-01-swagger.yaml,3.0,0.0
azure.com-azsadmin-blobServices-2015-12-01-preview-swagger.yaml,3.0,0.0
azure.com-azsadmin-Commerce-2015-06-01-preview-swagger.yaml,3.0,0.0
azure.com-azsadmin-CommerceAdmin-2015-06-01-preview-swagger.yaml,1.0,0.0
azure.com-azsadmin-Compute-2015-12-01-preview-swagger.yaml,1.0,0.0
azure.com-azsadmin-ComputeOperationResults-2016-05-01-swagger.yaml,2.0,0.0
azure.com-azsadmin-containers-2015-12-01-preview-swagger.yaml,4.0,0.0
azure.com-azsadmin-DelegatedProvider-2015-11-01-swagger.yaml,2.0,0.0
azure.com-azsadmin-DelegatedProviderOffer-2015-11-01-swagger.yaml,2.0,0.0
azure.com-azsadmin-Deployment-2019-01-01-swagger.yaml,1.0,0.0
azure.com-azsadmin-DirectoryTenant-2015-11-01-swagger.yaml,2.0,0.0
azure.com-azsadmin-DiskMigrationJobs-2018-07-30-preview-swagger.yaml,3.0,0.0
azure.com-azsadmin-Disks-2018-07-30-preview-swagger.yaml,2.0,0.0
azure.com-azsadmin-DownloadedProduct-2016-01-01-swagger.yaml,2.0,0.0
azure.com-azsadmin-Drive-2019-05-01-swagger.yaml,2.0,0.0
azure.com-azsadmin-EdgeGateway-2016-05-01-swagger.yaml,2.0,0.0
azure.com-azsadmin-EdgeGatewayPool-2016-05-01-swagger.yaml,2.0,0.0
azure.com-azsadmin-Fabric-2016-05-01-swagger.yaml,1.0,0.0
azure.com-azsadmin-FabricLocation-2016-05-01-swagger.yaml,2.0,0.0
azure.com-azsadmin-farms-2015-12-01-preview-swagger.yaml,6.0,0.0
azure.com-azsadmin-FileContainer-2019-01-01-swagger.yaml,2.0,0.0
azure.com-azsadmin-FileShare-2016-05-01-swagger.yaml,2.0,0.0
azure.com-azsadmin-Gallery-2015-04-01-swagger.yaml,1.0,0.0
azure.com-azsadmin-GalleryItem-2015-04-01-swagger.yaml,2.0,0.0
azure.com-azsadmin-InfraRole-2016-05-01-swagger.yaml,3.0,0.0
azure.com-azsadmin-InfraRoleInstance-2016-05-01-swagger.yaml,6.0,0.0
azure.com-azsadmin-InfrastructureInsights-2016-05-01-swagger.yaml,1.0,0.0
azure.com-azsadmin-IpPool-2016-05-01-swagger.yaml,2.0,0.0
azure.com-azsadmin-KeyVault-2017-02-01-preview-swagger.yaml,1.0,0.0
azure.com-azsadmin-LoadBalancers-2015-06-15-swagger.yaml,1.0,0.0
azure.com-azsadmin-Location-2015-11-01-swagger.yaml,3.0,0.0
azure.com-azsadmin-LogicalNetwork-2016-05-01-swagger.yaml,2.0,0.0
azure.com-azsadmin-LogicalSubnet-2016-05-01-swagger.yaml,2.0,0.0
azure.com-azsadmin-MacAddressPool-2016-05-01-swagger.yaml,2.0,0.0
azure.com-azsadmin-Manifest-2015-11-01-swagger.yaml,2.0,0.0
azure.com-azsadmin-Network-2015-06-15-swagger.yaml,5.0,0.0
azure.com-azsadmin-NetworkOperationResults-2016-05-01-swagger.yaml,2.0,0.0
azure.com-azsadmin-Offer-2015-11-01-swagger.yaml,3.0,0.0
azure.com-azsadmin-OfferDelegation-2015-11-01-swagger.yaml,2.0,0.0
azure.com-azsadmin-Operations-2016-05-01-swagger.yaml,2.0,0.0
azure.com-azsadmin-Plan-2015-11-01-swagger.yaml,5.0,0.0
azure.com-azsadmin-PlatformImages-2015-12-01-preview-swagger.yaml,2.0,0.0
azure.com-azsadmin-Product-2016-01-01-swagger.yaml,3.0,0.0
azure.com-azsadmin-ProductDeployment-2019-01-01-swagger.yaml,8.0,0.0
azure.com-azsadmin-ProductPackage-2019-01-01-swagger.yaml,2.0,0.0
azure.com-azsadmin-ProductSecret-2019-01-01-swagger.yaml,4.0,0.0
azure.com-azsadmin-PublicIpAddresses-2015-06-15-swagger.yaml,1.0,0.0
azure.com-azsadmin-queueServices-2015-12-01-preview-swagger.yaml,3.0,0.0
azure.com-azsadmin-Quotas-2019-08-08-preview-swagger.yaml,2.0,0.0
azure.com-azsadmin-RegionHealth-2016-05-01-swagger.yaml,2.0,0.0
azure.com-azsadmin-ResourceHealth-2016-05-01-swagger.yaml,2.0,0.0
azure.com-azsadmin-ScaleUnit-2016-05-01-swagger.yaml,4.0,0.0
azure.com-azsadmin-ScaleUnitNode-2016-05-01-swagger.yaml,8.0,0.0
azure.com-azsadmin-ServiceHealth-2016-05-01-swagger.yaml,2.0,0.0
azure.com-azsadmin-shares-2015-12-01-preview-swagger.yaml,4.0,0.0
azure.com-azsadmin-SlbMuxInstance-2016-05-01-swagger.yaml,2.0,0.0
azure.com-azsadmin-storage-2019-08-08-preview-swagger.yaml,1.0,0.0
azure.com-azsadmin-storageaccounts-2019-08-08-preview-swagger.yaml,4.0,0.0
azure.com-azsadmin-StorageOperationResults-2016-05-01-swagger.yaml,2.0,0.0
azure.com-azsadmin-StoragePool-2016-05-01-swagger.yaml,2.0,0.0
azure.com-azsadmin-StorageSubSystem-2018-10-01-swagger.yaml,2.0,0.0
azure.com-azsadmin-StorageSystem-2016-05-01-swagger.yaml,2.0,0.0
azure.com-azsadmin-Subscriptions-2015-11-01-swagger.yaml,2.0,0.0
azure.com-azsadmin-tableServices-2015-12-01-preview-swagger.yaml,3.0,0.0
azure.com-azsadmin-Update-2016-05-01-swagger.yaml,1.0,0.0
azure.com-azsadmin-UpdateLocations-2016-05-01-swagger.yaml,2.0,0.0
azure.com-azsadmin-UpdateRuns-2016-05-01-swagger.yaml,5.0,0.0
azure.com-azsadmin-VirtualNetworks-2015-06-15-swagger.yaml,1.0,0.0
azure.com-azsadmin-VMExtensions-2015-12-01-preview-swagger.yaml,2.0,0.0
azure.com-azsadmin-Volume-2019-05-01-swagger.yaml,2.0,0.0
azure.com-azure-kusto-2017-09-07-privatepreview-swagger.yaml,18.0,0.0
azure.com-azure-kusto-2018-09-07-preview-swagger.yaml,18.0,0.0
azure.com-azure-kusto-2019-11-09-swagger.yaml,30.0,0.0
azure.com-azureactivedirectory-2017-04-01-swagger.yaml,4.0,0.0
azure.com-azuredata-2017-03-01-preview-swagger.yaml,6.0,0.0
azure.com-azurestack-AzureStack-2017-06-01-swagger.yaml,1.0,0.0
azure.com-azurestack-CustomerSubscription-2017-06-01-swagger.yaml,2.0,0.0
azure.com-azurestack-Product-2017-06-01-swagger.yaml,6.0,0.0
azure.com-azurestack-Registration-2017-06-01-swagger.yaml,3.0,0.0
azure.com-batch-BatchManagement-2019-08-01-swagger.yaml,21.0,0.0
azure.com-batch-BatchService-2019-08-01.10.0-swagger.yaml,53.0,0.0
azure.com-batchai-BatchAI-2018-05-01-swagger.yaml,17.0,0.0
azure.com-billing-2019-10-01-preview-swagger.yaml,86.0,0.0
azure.com-blockchain-2018-06-01-preview-swagger.yaml,15.0,0.0
azure.com-blueprint-assignmentOperation-2018-11-01-preview-swagger.yaml,2.0,0.0
azure.com-blueprint-blueprintAssignment-2018-11-01-preview-swagger.yaml,3.0,0.0
azure.com-blueprint-blueprintDefinition-2018-11-01-preview-swagger.yaml,8.0,0.0
azure.com-botservice-2018-07-12-swagger.yaml,15.0,0.0
azure.com-cdn-2019-12-31-swagger.yaml,28.0,0.0
azure.com-cdn-cdnwebapplicationfirewall-2019-06-15-preview-swagger.yaml,3.0,0.0
azure.com-cognitiveservices-2017-04-18-swagger.yaml,11.0,0.0
azure.com-cognitiveservices-AnomalyDetector-1.0-swagger.yaml,3.0,0.0
azure.com-cognitiveservices-AnomalyFinder-2.0-swagger.yaml,2.0,0.0
azure.com-cognitiveservices-BasicRegions-2017-08-30-swagger.yaml,0.0,0.0
azure.com-cognitiveservices-ComputerVision-1.0-swagger.yaml,9.0,0.0
azure.com-cognitiveservices-ContentModerator-1.0-swagger.yaml,24.0,0.0
azure.com-cognitiveservices-ExtendedRegions-2017-08-30-swagger.yaml,0.0,0.0
azure.com-cognitiveservices-Face-1.0-swagger.yaml,35.0,0.0
azure.com-cognitiveservices-FormRecognizer-2.0-preview-swagger.yaml,8.0,0.0
azure.com-cognitiveservices-FormRecognizerReceiptOcr-1.0-preview-swagger.yaml,0.0,0.0
azure.com-cognitiveservices-InkRecognizer-1.0-swagger.yaml,1.0,0.0
azure.com-cognitiveservices-LUIS-Authoring-2.0-swagger.yaml,89.0,0.0
azure.com-cognitiveservices-LUIS-Authoring-3.0-preview-swagger.yaml,89.0,0.0
azure.com-cognitiveservices-LUIS-Programmatic-v2.0-swagger.yaml,56.0,0.0
azure.com-cognitiveservices-LUIS-Runtime-2.0-swagger.yaml,1.0,0.0
azure.com-cognitiveservices-LUIS-Runtime-3.0-preview-swagger.yaml,2.0,0.0
azure.com-cognitiveservices-LUIS-Runtime-3.0-swagger.yaml,2.0,0.0
azure.com-cognitiveservices-Parameters-2017-08-30-swagger.yaml,0.0,0.0
azure.com-cognitiveservices-Personalizer-v1.0-swagger.yaml,11.0,0.0
azure.com-cognitiveservices-QnAMaker-4.0-swagger.yaml,9.0,0.0
azure.com-cognitiveservices-QnAMakerRuntime-4.0-swagger.yaml,2.0,0.0
azure.com-cognitiveservices-TextAnalytics-v2.1-swagger.yaml,4.0,0.0
azure.com-cognitiveservices-TextAnalytics-v3.0-preview.1-swagger.yaml,6.0,0.0
azure.com-commerce-2015-06-01-preview-swagger.yaml,2.0,0.0
azure.com-common-types-1.0-swagger.yaml,0.0,0.0
azure.com-common-types-rfc7517-1.0-swagger.yaml,0.0,0.0
azure.com-compute-2019-07-01-swagger.yaml,84.0,0.0
azure.com-compute-containerService-2015-11-01-preview-swagger.yaml,2.0,0.0
azure.com-compute-containerService-2017-01-31-swagger.yaml,3.0,0.0
azure.com-compute-disk-2016-04-30-preview-swagger.yaml,10.0,0.0
azure.com-compute-disk-2019-07-01-swagger.yaml,13.0,0.0
azure.com-compute-gallery-2019-07-01-swagger.yaml,11.0,0.0
azure.com-compute-runCommands-2019-07-01-swagger.yaml,4.0,0.0
azure.com-compute-skus-2019-04-01-swagger.yaml,1.0,0.0
azure.com-compute-swagger-2015-11-01-swagger.yaml,1.0,0.0
azure.com-consumption-2019-05-01-preview-swagger.yaml,20.0,0.0
azure.com-consumption-2019-10-01-swagger.yaml,25.0,0.0
azure.com-containerinstance-containerInstance-2018-02-01-preview-swagger.yaml,7.0,0.0
azure.com-containerinstance-containerInstance-2018-10-01-swagger.yaml,13.0,0.0
azure.com-containerregistry-2019-05-01-swagger.yaml,16.0,0.0
azure.com-containerregistry-2019-12-01-preview-swagger.yaml,16.0,0.0
azure.com-containerregistry-containerregistry_build-2019-04-01-swagger.yaml,9.0,0.0
azure.com-containerregistry-containerregistry_build-2019-06-01-preview-swagger.yaml,11.0,0.0
azure.com-containerregistry-containerregistry_scopemap-2019-05-01-preview-swagger.yaml,5.0,0.0
azure.com-containerservice-containerService-2017-07-01-swagger.yaml,3.0,0.0
azure.com-containerservice-location-2019-08-01-swagger.yaml,1.0,0.0
azure.com-containerservice-managedClusters-2018-08-01-preview-swagger.yaml,10.0,0.0
azure.com-containerservice-managedClusters-2020-01-01-swagger.yaml,16.0,0.0
azure.com-containerservice-openShiftManagedClusters-2019-04-30-swagger.yaml,3.0,0.0
azure.com-containerservice-openShiftManagedClusters-2019-09-30-preview-swagger.yaml,3.0,0.0
azure.com-containerservices-containerService-2017-07-01-swagger.yaml,3.0,0.0
azure.com-containerservices-location-2017-09-30-swagger.yaml,1.0,0.0
azure.com-containerservices-managedClusters-2018-08-01-preview-swagger.yaml,10.0,0.0
azure.com-containerservices-openShiftManagedClusters-2018-09-30-preview-swagger.yaml,3.0,0.0
azure.com-cosmos-db-2019-12-12-swagger.yaml,64.0,0.0
azure.com-cosmos-db-privateEndpointConnection-2019-08-01-preview-swagger.yaml,2.0,0.0
azure.com-cosmos-db-privateLinkResources-2019-08-01-preview-swagger.yaml,2.0,0.0
azure.com-cost-management-costmanagement-2019-04-01-preview-swagger.yaml,7.0,0.0
azure.com-cost-management-costmanagement-2019-11-01-swagger.yaml,7.0,0.0
azure.com-customer-insights-2017-04-26-swagger.yaml,41.0,0.0
azure.com-customerlockbox-2018-02-28-preview-swagger.yaml,4.0,0.0
azure.com-customproviders-2018-09-01-preview-swagger.yaml,6.0,0.0
azure.com-databox-2019-09-01-swagger.yaml,13.0,0.0
azure.com-databoxedge-2019-08-01-swagger.yaml,38.0,0.0
azure.com-databricks-2018-04-01-swagger.yaml,4.0,0.0
azure.com-datacatalog-2016-03-30-swagger.yaml,3.0,0.0
azure.com-datafactory-2017-09-01-preview-swagger.yaml,35.0,0.0
azure.com-datafactory-2018-06-01-swagger.yaml,58.0,0.0
azure.com-datafactory-DataFlow-2018-06-01-swagger.yaml,0.0,0.0
azure.com-datafactory-Dataset-2017-09-01-preview-swagger.yaml,0.0,0.0
azure.com-datafactory-Dataset-2018-06-01-swagger.yaml,0.0,0.0
azure.com-datafactory-IntegrationRuntime-2017-09-01-preview-swagger.yaml,0.0,0.0
azure.com-datafactory-IntegrationRuntime-2018-06-01-swagger.yaml,0.0,0.0
azure.com-datafactory-LinkedService-2017-09-01-preview-swagger.yaml,0.0,0.0
azure.com-datafactory-LinkedService-2018-06-01-swagger.yaml,0.0,0.0
azure.com-datafactory-Pipeline-2017-09-01-preview-swagger.yaml,0.0,0.0
azure.com-datafactory-Pipeline-2018-06-01-swagger.yaml,0.0,0.0
azure.com-datafactory-Trigger-2017-09-01-preview-swagger.yaml,0.0,0.0
azure.com-datafactory-Trigger-2018-06-01-swagger.yaml,0.0,0.0
azure.com-datalake-analytics-account-2015-10-01-preview-swagger.yaml,11.0,0.0
azure.com-datalake-analytics-account-2016-11-01-swagger.yaml,17.0,0.0
azure.com-datalake-analytics-catalog-2015-10-01-preview-swagger.yaml,27.0,0.0
azure.com-datalake-analytics-catalog-2016-11-01-swagger.yaml,39.0,0.0
azure.com-datalake-analytics-job-2016-11-01-swagger.yaml,10.0,0.0
azure.com-datalake-analytics-job-2017-09-01-preview-swagger.yaml,11.0,0.0
azure.com-datalake-store-account-2015-10-01-preview-swagger.yaml,8.0,0.0
azure.com-datalake-store-account-2016-11-01-swagger.yaml,14.0,0.0
azure.com-datalake-store-filesystem-2015-10-01-preview-swagger.yaml,2.0,0.0
azure.com-datalake-store-filesystem-2016-11-01-swagger.yaml,2.0,0.0
azure.com-datamigration-2017-11-15-preview-swagger.yaml,17.0,0.0
azure.com-datamigration-2018-03-15-preview-swagger.yaml,17.0,0.0
azure.com-datamigration-Commands-2018-04-19-swagger.yaml,0.0,0.0
azure.com-datamigration-Commands-2018-07-15-preview-swagger.yaml,0.0,0.0
azure.com-datamigration-Common-2018-04-19-swagger.yaml,0.0,0.0
azure.com-datamigration-Common-2018-07-15-preview-swagger.yaml,0.0,0.0
azure.com-datamigration-ConnectToSourceMySqlTask-2018-04-19-swagger.yaml,0.0,0.0
azure.com-datamigration-ConnectToSourceMySqlTask-2018-07-15-preview-swagger.yaml,0.0,0.0
azure.com-datamigration-ConnectToSourcePostgreSqlSyncTask-2018-04-19-swagger.yaml,0.0,0.0
azure.com-datamigration-ConnectToSourcePostgreSqlSyncTask-2018-07-15-preview-swagger.yaml,0.0,0.0
azure.com-datamigration-ConnectToSourceSqlServerTask-2018-04-19-swagger.yaml,0.0,0.0
azure.com-datamigration-ConnectToSourceSqlServerTask-2018-07-15-preview-swagger.yaml,0.0,0.0
azure.com-datamigration-ConnectToTargetAzureDbForMySqlTask-2018-04-19-swagger.yaml,0.0,0.0
azure.com-datamigration-ConnectToTargetAzureDbForMySqlTask-2018-07-15-preview-swagger.yaml,0.0,0.0
azure.com-datamigration-ConnectToTargetAzureDbForPostgreSqlSyncTask-2018-04-19-swagger.yaml,0.0,0.0
azure.com-datamigration-ConnectToTargetAzureDbForPostgreSqlSyncTask-2018-07-15-preview-swagger.yaml,0.0,0.0
azure.com-datamigration-ConnectToTargetSqlDbTask-2018-04-19-swagger.yaml,0.0,0.0
azure.com-datamigration-ConnectToTargetSqlDbTask-2018-07-15-preview-swagger.yaml,0.0,0.0
azure.com-datamigration-ConnectToTargetSqlMiSyncTask-2018-04-19-swagger.yaml,0.0,0.0
azure.com-datamigration-ConnectToTargetSqlMiSyncTask-2018-07-15-preview-swagger.yaml,0.0,0.0
azure.com-datamigration-ConnectToTargetSqlMITask-2018-04-19-swagger.yaml,0.0,0.0
azure.com-datamigration-ConnectToTargetSqlMITask-2018-07-15-preview-swagger.yaml,0.0,0.0
azure.com-datamigration-ConnectToTargetSqlSqlDbSyncTask-2018-04-19-swagger.yaml,0.0,0.0
azure.com-datamigration-ConnectToTargetSqlSqlDbSyncTask-2018-07-15-preview-swagger.yaml,0.0,0.0
azure.com-datamigration-Files-2018-07-15-preview-swagger.yaml,0.0,0.0
azure.com-datamigration-GetUserTablesSqlSyncTask-2018-04-19-swagger.yaml,0.0,0.0
azure.com-datamigration-GetUserTablesSqlSyncTask-2018-07-15-preview-swagger.yaml,0.0,0.0
azure.com-datamigration-GetUserTablesSqlTask-2018-04-19-swagger.yaml,0.0,0.0
azure.com-datamigration-GetUserTablesSqlTask-2018-07-15-preview-swagger.yaml,0.0,0.0
azure.com-datamigration-MigrateMySqlAzureDbForMySqlSyncTask-2018-04-19-swagger.yaml,0.0,0.0
azure.com-datamigration-MigrateMySqlAzureDbForMySqlSyncTask-2018-07-15-preview-swagger.yaml,0.0,0.0
azure.com-datamigration-MigratePostgreSqlAzureDbForPostgreSqlSyncTask-2018-04-19-swagger.yaml,0.0,0.0
azure.com-datamigration-MigratePostgreSqlAzureDbForPostgreSqlSyncTask-2018-07-15-preview-swagger.yaml,0.0,0.0
azure.com-datamigration-MigrateSchemaSqlServerSqlDbTask-2018-07-15-preview-swagger.yaml,0.0,0.0
azure.com-datamigration-MigrateSqlServerSqlDbSyncTask-2018-04-19-swagger.yaml,0.0,0.0
azure.com-datamigration-MigrateSqlServerSqlDbSyncTask-2018-07-15-preview-swagger.yaml,0.0,0.0
azure.com-datamigration-MigrateSqlServerSqlDbTask-2018-04-19-swagger.yaml,0.0,0.0
azure.com-datamigration-MigrateSqlServerSqlDbTask-2018-07-15-preview-swagger.yaml,0.0,0.0
azure.com-datamigration-MigrateSqlServerSqlMiSyncTask-2018-04-19-swagger.yaml,0.0,0.0
azure.com-datamigration-MigrateSqlServerSqlMiSyncTask-2018-07-15-preview-swagger.yaml,0.0,0.0
azure.com-datamigration-MigrateSqlServerSqlMITask-2018-04-19-swagger.yaml,0.0,0.0
azure.com-datamigration-MigrateSqlServerSqlMITask-2018-07-15-preview-swagger.yaml,0.0,0.0
azure.com-datamigration-MigrateSsisTask-2018-07-15-preview-swagger.yaml,0.0,0.0
azure.com-datamigration-MigrationValidation-2018-04-19-swagger.yaml,0.0,0.0
azure.com-datamigration-MigrationValidation-2018-07-15-preview-swagger.yaml,0.0,0.0
azure.com-datamigration-MongoDbTasks-2018-07-15-preview-swagger.yaml,0.0,0.0
azure.com-datamigration-OracleAzureDbPostgreSqlSyncTask-2018-07-15-preview-swagger.yaml,0.0,0.0
azure.com-datamigration-Projects-2018-04-19-swagger.yaml,0.0,0.0
azure.com-datamigration-Projects-2018-07-15-preview-swagger.yaml,0.0,0.0
azure.com-datamigration-ResourceSkus-2018-04-19-swagger.yaml,0.0,0.0
azure.com-datamigration-ResourceSkus-2018-07-15-preview-swagger.yaml,0.0,0.0
azure.com-datamigration-ServiceFeatureOCITask-2018-07-15-preview-swagger.yaml,0.0,0.0
azure.com-datamigration-Services-2018-04-19-swagger.yaml,0.0,0.0
azure.com-datamigration-Services-2018-07-15-preview-swagger.yaml,0.0,0.0
azure.com-datamigration-ServiceTasks-2018-07-15-preview-swagger.yaml,0.0,0.0
azure.com-datamigration-Tasks-2018-04-19-swagger.yaml,0.0,0.0
azure.com-datamigration-Tasks-2018-07-15-preview-swagger.yaml,0.0,0.0
azure.com-datamigration-TasksCommon-2018-04-19-swagger.yaml,0.0,0.0
azure.com-datamigration-TasksCommon-2018-07-15-preview-swagger.yaml,0.0,0.0
azure.com-datamigration-ValidateMigrationInputSqlServerSqlMiSyncTask-2018-04-19-swagger.yaml,0.0,0.0
azure.com-datamigration-ValidateMigrationInputSqlServerSqlMiSyncTask-2018-07-15-preview-swagger.yaml,0.0,0.0
azure.com-datamigration-ValidateMigrationInputSqlServerSqlMITask-2018-04-19-swagger.yaml,0.0,0.0
azure.com-datamigration-ValidateMigrationInputSqlServerSqlMITask-2018-07-15-preview-swagger.yaml,0.0,0.0
azure.com-datamigration-ValidateSyncMigrationInputSqlServerTask-2018-04-19-swagger.yaml,0.0,0.0
azure.com-datamigration-ValidateSyncMigrationInputSqlServerTask-2018-07-15-preview-swagger.yaml,0.0,0.0
azure.com-datashare-DataShare-2018-11-01-preview-swagger.yaml,33.0,0.0
azure.com-datashare-DataShare-2019-11-01-swagger.yaml,33.0,0.0
azure.com-deploymentmanager-2018-09-01-preview-swagger.yaml,9.0,0.0
azure.com-deploymentmanager-2019-11-01-preview-swagger.yaml,15.0,0.0
azure.com-deviceprovisioningservices-iotdps-2017-08-21-preview-swagger.yaml,13.0,0.0
azure.com-deviceprovisioningservices-iotdps-2018-01-22-swagger.yaml,13.0,0.0
azure.com-devops-2019-07-01-preview-swagger.yaml,5.0,0.0
azure.com-devspaces-2019-01-01-preview-swagger.yaml,6.0,0.0
azure.com-devspaces-2019-04-01-swagger.yaml,6.0,0.0
azure.com-devtestlabs-DTL-2015-05-21-preview-swagger.yaml,35.0,0.0
azure.com-devtestlabs-DTL-2018-09-15-swagger.yaml,78.0,0.0
azure.com-digitaltwins-2020-03-01-preview-swagger.yaml,9.0,0.0
azure.com-dns-2018-03-01-preview-swagger.yaml,7.0,0.0
azure.com-dns-2018-05-01-swagger.yaml,8.0,0.0
azure.com-domainservices-2020-01-01-swagger.yaml,4.0,0.0
azure.com-dynamicstelemetry-2019-01-24-swagger.yaml,1.0,0.0
azure.com-edgegateway-2019-03-01-swagger.yaml,31.0,0.0
azure.com-engagementfabric-EngagementFabric-2018-09-01-preview-swagger.yaml,11.0,0.0
azure.com-EnterpriseKnowledgeGraph-EnterpriseKnowledgeGraphSwagger-2018-12-03-swagger.yaml,4.0,0.0
azure.com-eventgrid-AppConfiguration-2018-01-01-swagger.yaml,0.0,0.0
azure.com-eventgrid-ContainerRegistry-2018-01-01-swagger.yaml,0.0,0.0
azure.com-eventgrid-EventGrid-2019-06-01-swagger.yaml,29.0,0.0
azure.com-eventgrid-EventGrid-2020-04-01-preview-swagger.yaml,29.0,0.0
azure.com-eventgrid-EventHub-2018-01-01-swagger.yaml,0.0,0.0
azure.com-eventgrid-IotHub-2018-01-01-swagger.yaml,0.0,0.0
azure.com-eventgrid-KeyVault-2018-01-01-swagger.yaml,0.0,0.0
azure.com-eventgrid-MachineLearningServices-2018-01-01-swagger.yaml,0.0,0.0
azure.com-eventgrid-Maps-2018-01-01-swagger.yaml,0.0,0.0
azure.com-eventgrid-MediaServices-2018-01-01-swagger.yaml,0.0,0.0
azure.com-eventgrid-Resources-2018-01-01-swagger.yaml,0.0,0.0
azure.com-eventgrid-ServiceBus-2018-01-01-swagger.yaml,0.0,0.0
azure.com-eventgrid-SignalRService-2018-01-01-swagger.yaml,0.0,0.0
azure.com-eventgrid-Storage-2018-01-01-swagger.yaml,0.0,0.0
azure.com-eventhub-EventHub-2017-04-01-swagger.yaml,29.0,0.0
azure.com-eventhub-EventHub-preview-2018-01-01-preview-swagger.yaml,14.0,0.0
azure.com-frontdoor-2020-01-01-swagger.yaml,13.0,0.0
azure.com-frontdoor-network-2020-01-01-swagger.yaml,0.0,0.0
azure.com-frontdoor-networkexperiment-2019-11-01-swagger.yaml,8.0,0.0
azure.com-frontdoor-webapplicationfirewall-2019-10-01-swagger.yaml,3.0,0.0
azure.com-guestconfiguration-2018-06-30-preview-swagger.yaml,5.0,0.0
azure.com-guestconfiguration-2018-11-20-swagger.yaml,5.0,0.0
azure.com-guestconfiguration-definitions-2018-06-30-preview-swagger.yaml,0.0,0.0
azure.com-guestconfiguration-guestconfiguration_NotImplemented-2018-06-30-preview-swagger.yaml,1.0,0.0
azure.com-hanaonazure-2017-11-03-preview-swagger.yaml,9.0,0.0
azure.com-hardwaresecuritymodules-dedicatedhsm-2018-10-31-preview-swagger.yaml,3.0,0.0
azure.com-hdinsight-applications-2015-03-01-preview-swagger.yaml,2.0,0.0
azure.com-hdinsight-applications-2018-06-01-preview-swagger.yaml,2.0,0.0
azure.com-hdinsight-capabilities-2015-03-01-preview-swagger.yaml,1.0,0.0
azure.com-hdinsight-cluster-2018-06-01-preview-swagger.yaml,7.0,0.0
azure.com-hdinsight-configurations-2018-06-01-preview-swagger.yaml,2.0,0.0
azure.com-hdinsight-extensions-2018-06-01-preview-swagger.yaml,2.0,0.0
azure.com-hdinsight-job-2018-11-01-preview-swagger.yaml,9.0,0.0
azure.com-hdinsight-locations-2018-06-01-preview-swagger.yaml,3.0,0.0
azure.com-hdinsight-operations-2018-06-01-preview-swagger.yaml,1.0,0.0
azure.com-hdinsight-scriptActions-2018-06-01-preview-swagger.yaml,6.0,0.0
azure.com-healthcareapis-healthcare-apis-2018-08-20-preview-swagger.yaml,6.0,0.0
azure.com-healthcareapis-healthcare-apis-2019-09-16-swagger.yaml,6.0,0.0
azure.com-hybridcompute-HybridCompute-2019-08-02-preview-swagger.yaml,7.0,0.0
azure.com-hybridcompute-HybridCompute-2019-12-12-swagger.yaml,7.0,0.0
azure.com-hybriddatamanager-hybriddata-2016-06-01-swagger.yaml,22.0,0.0
azure.com-imagebuilder-2019-05-01-preview-swagger.yaml,7.0,0.0
azure.com-imds-2019-11-01-swagger.yaml,4.0,0.0
azure.com-intune-2015-01-14-preview-swagger.yaml,23.0,0.0
azure.com-intune-2015-01-14-privatepreview-swagger.yaml,23.0,0.0
azure.com-iotcentral-2017-07-01-privatepreview-swagger.yaml,5.0,0.0
azure.com-iotcentral-2018-09-01-swagger.yaml,7.0,0.0
azure.com-iotcentral-preview-swagger.yaml,18.0,0.0
azure.com-iothub-2019-07-01-preview-swagger.yaml,25.0,0.0
azure.com-iothub-2019-11-04-swagger.yaml,25.0,0.0
azure.com-iotspaces-2017-10-01-preview-swagger.yaml,5.0,0.0
azure.com-keyvault-2018-02-14-preview-swagger.yaml,9.0,0.0
azure.com-keyvault-2019-09-01-swagger.yaml,11.0,0.0
azure.com-keyvault-7.0-preview-swagger.yaml,55.0,0.0
azure.com-keyvault-7.0-swagger.yaml,55.0,0.0
azure.com-keyvault-providers-2018-02-14-preview-swagger.yaml,1.0,0.0
azure.com-keyvault-providers-2019-09-01-swagger.yaml,1.0,0.0
azure.com-keyvault-secrets-2018-02-14-preview-swagger.yaml,2.0,0.0
azure.com-keyvault-secrets-2019-09-01-swagger.yaml,2.0,0.0
azure.com-labservices-ML-2018-10-15-swagger.yaml,37.0,0.0
azure.com-locationbasedservices-2017-01-01-preview-swagger.yaml,7.0,0.0
azure.com-logic-2018-07-01-preview-swagger.yaml,70.0,0.0
azure.com-logic-2019-05-01-swagger.yaml,79.0,0.0
azure.com-machinelearning-commitmentPlans-2016-05-01-preview-swagger.yaml,9.0,0.0
azure.com-machinelearning-webservices-2016-05-01-preview-swagger.yaml,4.0,0.0
azure.com-machinelearning-webservices-2017-01-01-swagger.yaml,6.0,0.0
azure.com-machinelearning-workspaces-2019-10-01-swagger.yaml,6.0,0.0
azure.com-machinelearningcompute-machineLearningCompute-2017-08-01-preview-swagger.yaml,7.0,0.0
azure.com-machinelearningexperimentation-machineLearningExperimentation-2017-05-01-preview-swagger.yaml,8.0,0.0
azure.com-machinelearningservices-artifact-2019-09-30-swagger.yaml,16.0,0.0
azure.com-machinelearningservices-datastore-2019-09-30-swagger.yaml,4.0,0.0
azure.com-machinelearningservices-execution-2019-09-30-swagger.yaml,4.0,0.0
azure.com-machinelearningservices-hyperdrive-2019-09-30-swagger.yaml,2.0,0.0
azure.com-machinelearningservices-machineLearningServices-2018-03-01-preview-swagger.yaml,9.0,0.0
azure.com-machinelearningservices-machineLearningServices-2020-01-01-swagger.yaml,18.0,0.0
azure.com-machinelearningservices-modelManagement-2019-09-30-swagger.yaml,13.0,0.0
azure.com-machinelearningservices-runHistory-2019-09-30-swagger.yaml,23.0,0.0
azure.com-maintenance-Maintenance-2018-06-01-preview-swagger.yaml,13.0,0.0
azure.com-managednetwork-managedNetwork-2019-06-01-preview-swagger.yaml,10.0,0.0
azure.com-managedservices-2019-04-01-preview-swagger.yaml,5.0,0.0
azure.com-managedservices-2019-09-01-swagger.yaml,7.0,0.0
azure.com-managementgroups-management-2018-03-01-preview-swagger.yaml,9.0,0.0
azure.com-managementgroups-management-2019-11-01-swagger.yaml,9.0,0.0
azure.com-managementpartner-ManagementPartner-2018-02-01-swagger.yaml,3.0,0.0
azure.com-maps-maps-management-2018-05-01-swagger.yaml,7.0,0.0
azure.com-maps-maps-management-2020-02-01-preview-swagger.yaml,8.0,0.0
azure.com-mariadb-2018-06-01-preview-swagger.yaml,18.0,0.0
azure.com-mariadb-2018-06-01-swagger.yaml,31.0,0.0
azure.com-mariadb-DataEncryptionKeys-2020-01-01-privatepreview-swagger.yaml,2.0,0.0
azure.com-mariadb-PerformanceRecommendations-2018-06-01-swagger.yaml,7.0,0.0
azure.com-mariadb-PrivateEndpointConnections-2018-06-01-privatepreview-swagger.yaml,2.0,0.0
azure.com-mariadb-PrivateEndpointConnections-2018-06-01-swagger.yaml,2.0,0.0
azure.com-mariadb-PrivateLinkResources-2018-06-01-privatepreview-swagger.yaml,2.0,0.0
azure.com-mariadb-PrivateLinkResources-2018-06-01-swagger.yaml,2.0,0.0
azure.com-mariadb-QueryPerformanceInsights-2018-06-01-swagger.yaml,6.0,0.0
azure.com-marketplace-Marketplace-2020-01-01-swagger.yaml,5.0,0.0
azure.com-marketplaceordering-Agreements-2015-06-01-swagger.yaml,6.0,0.0
azure.com-mediaservices-AccountFilters-2018-07-01-swagger.yaml,2.0,0.0
azure.com-mediaservices-Accounts-2018-06-01-preview-swagger.yaml,7.0,0.0
azure.com-mediaservices-Accounts-2018-07-01-swagger.yaml,7.0,0.0
azure.com-mediaservices-Assets-2018-06-01-preview-swagger.yaml,4.0,0.0
azure.com-mediaservices-AssetsAndAssetFilters-2018-07-01-swagger.yaml,7.0,0.0
azure.com-mediaservices-Common-2018-06-01-preview-swagger.yaml,0.0,0.0
azure.com-mediaservices-Common-2018-07-01-swagger.yaml,0.0,0.0
azure.com-mediaservices-ContentKeyPolicies-2018-06-01-preview-swagger.yaml,3.0,0.0
azure.com-mediaservices-ContentKeyPolicies-2018-07-01-swagger.yaml,3.0,0.0
azure.com-mediaservices-Encoding-2018-06-01-preview-swagger.yaml,5.0,0.0
azure.com-mediaservices-Encoding-2018-07-01-swagger.yaml,5.0,0.0
azure.com-mediaservices-media-2015-10-01-swagger.yaml,7.0,0.0
azure.com-mediaservices-MediaGraphs-2019-09-01-preview-swagger.yaml,6.0,0.0
azure.com-mediaservices-StreamingPoliciesAndStreamingLocators-2018-06-01-preview-swagger.yaml,6.0,0.0
azure.com-mediaservices-StreamingPoliciesAndStreamingLocators-2018-07-01-swagger.yaml,6.0,0.0
azure.com-mediaservices-streamingservice-2018-07-01-swagger.yaml,12.0,0.0
azure.com-mediaservices-streamingservice-2019-05-01-preview-swagger.yaml,12.0,0.0
azure.com-migrate-2017-11-11-preview-swagger.yaml,14.0,0.0
azure.com-migrate-2019-10-01-swagger.yaml,21.0,0.0
azure.com-migrateprojects-migrate-2018-09-01-preview-swagger.yaml,16.0,0.0
azure.com-mixedreality-2019-02-28-preview-swagger.yaml,6.0,0.0
azure.com-mixedreality-common-2019-12-02-preview-swagger.yaml,0.0,0.0
azure.com-mixedreality-proxy-2019-12-02-preview-swagger.yaml,2.0,0.0
azure.com-mixedreality-remote-rendering-2019-12-02-preview-swagger.yaml,4.0,0.0
azure.com-mixedreality-spatial-anchors-2019-12-02-preview-swagger.yaml,4.0,0.0
azure.com-mobileengagement-mobile-engagement-2014-12-01-swagger.yaml,33.0,0.0
azure.com-monitor-actionGroups_API-2019-06-01-swagger.yaml,4.0,0.0
azure.com-monitor-activityLogAlerts_API-2017-03-01-preview-swagger.yaml,3.0,0.0
azure.com-monitor-activityLogAlerts_API-2017-04-01-swagger.yaml,3.0,0.0
azure.com-monitor-activityLogs_API-2015-04-01-swagger.yaml,1.0,0.0
azure.com-monitor-alertRulesIncidents_API-2016-03-01-swagger.yaml,2.0,0.0
azure.com-monitor-alertRules_API-2016-03-01-swagger.yaml,3.0,0.0
azure.com-monitor-autoscale_API-2015-04-01-swagger.yaml,3.0,0.0
azure.com-monitor-baseline_API-2017-11-01-preview-swagger.yaml,1.0,0.0
azure.com-monitor-baseline_API-2018-09-01-swagger.yaml,2.0,0.0
azure.com-monitor-calculateBaseline_API-2017-11-01-preview-swagger.yaml,1.0,0.0
azure.com-monitor-calculateBaseline_API-2018-09-01-swagger.yaml,1.0,0.0
azure.com-monitor-diagnosticsSettingsCategories_API-2017-05-01-preview-swagger.yaml,2.0,0.0
azure.com-monitor-diagnosticsSettings_API-2017-05-01-preview-swagger.yaml,2.0,0.0
azure.com-monitor-eventCategories_API-2015-04-01-swagger.yaml,1.0,0.0
azure.com-monitor-guestDiagnosticSettingsAssociation_API-2018-06-01-preview-swagger.yaml,3.0,0.0
azure.com-monitor-guestDiagnosticSettings_API-2018-06-01-preview-swagger.yaml,3.0,0.0
azure.com-monitor-logProfiles_API-2016-03-01-swagger.yaml,2.0,0.0
azure.com-monitor-metricAlert_API-2018-03-01-swagger.yaml,5.0,0.0
azure.com-monitor-metricBaselines_API-2019-03-01-swagger.yaml,1.0,0.0
azure.com-monitor-metricDefinitions_API-2017-05-01-preview-swagger.yaml,1.0,0.0
azure.com-monitor-metricDefinitions_API-2018-01-01-swagger.yaml,1.0,0.0
azure.com-monitor-metricNamespaces_API-2017-12-01-preview-swagger.yaml,1.0,0.0
azure.com-monitor-metricsCreate_API-2018-09-01-preview-swagger.yaml,1.0,0.0
azure.com-monitor-metrics_API-2017-05-01-preview-swagger.yaml,1.0,0.0
azure.com-monitor-metrics_API-2018-01-01-swagger.yaml,1.0,0.0
azure.com-monitor-operations_API-2015-04-01-swagger.yaml,1.0,0.0
azure.com-monitor-privateLinkScopes_API-2019-10-17-preview-swagger.yaml,9.0,0.0
azure.com-monitor-scheduledQueryRule_API-2018-04-16-swagger.yaml,3.0,0.0
azure.com-monitor-serviceDiagnosticsSettings_API-2016-09-01-swagger.yaml,1.0,0.0
azure.com-monitor-subscriptionDiagnosticsSettings_API-2017-05-01-preview-swagger.yaml,2.0,0.0
azure.com-monitor-tenantActivityLogs_API-2015-04-01-swagger.yaml,1.0,0.0
azure.com-monitor-vmInsightsOnboarding_API-2018-11-27-preview-swagger.yaml,1.0,0.0
azure.com-msi-ManagedIdentity-2015-08-31-preview-swagger.yaml,4.0,0.0
azure.com-msi-ManagedIdentity-2018-11-30-swagger.yaml,4.0,0.0
azure.com-mysql-2017-12-01-preview-swagger.yaml,20.0,0.0
azure.com-mysql-2017-12-01-swagger.yaml,33.0,0.0
azure.com-mysql-DataEncryptionKeys-2020-01-01-privatepreview-swagger.yaml,2.0,0.0
azure.com-mysql-PerformanceRecommendations-2018-06-01-swagger.yaml,7.0,0.0
azure.com-mysql-PrivateEndpointConnections-2018-06-01-privatepreview-swagger.yaml,2.0,0.0
azure.com-mysql-PrivateEndpointConnections-2018-06-01-swagger.yaml,2.0,0.0
azure.com-mysql-PrivateLinkResources-2018-06-01-privatepreview-swagger.yaml,2.0,0.0
azure.com-mysql-PrivateLinkResources-2018-06-01-swagger.yaml,2.0,0.0
azure.com-mysql-QueryPerformanceInsights-2018-06-01-swagger.yaml,6.0,0.0
azure.com-netapp-2019-11-01-swagger.yaml,17.0,0.0
azure.com-network-2019-11-01-swagger.yaml,0.0,0.0
azure.com-network-applicationGateway-2019-08-01-swagger.yaml,0.0,0.0
azure.com-network-applicationSecurityGroup-2019-08-01-swagger.yaml,3.0,0.0
azure.com-network-availableDelegations-2019-08-01-swagger.yaml,2.0,0.0
azure.com-network-availableServiceAliases-2019-08-01-swagger.yaml,2.0,0.0
azure.com-network-azureFirewall-2019-08-01-swagger.yaml,3.0,0.0
azure.com-network-azureFirewallFqdnTag-2019-08-01-swagger.yaml,1.0,0.0
azure.com-network-bastionHost-2019-08-01-swagger.yaml,3.0,0.0
azure.com-network-checkDnsAvailability-2019-08-01-swagger.yaml,1.0,0.0
azure.com-network-ddosCustomPolicy-2019-08-01-swagger.yaml,1.0,0.0
azure.com-network-ddosProtectionPlan-2019-08-01-swagger.yaml,3.0,0.0
azure.com-network-endpointService-2019-08-01-swagger.yaml,1.0,0.0
azure.com-network-expressRouteCircuit-2019-08-01-swagger.yaml,17.0,0.0
azure.com-network-expressRouteCrossConnection-2019-08-01-swagger.yaml,8.0,0.0
azure.com-network-expressRouteGateway-2019-08-01-swagger.yaml,5.0,0.0
azure.com-network-expressRoutePort-2019-08-01-swagger.yaml,7.0,0.0
azure.com-network-firewallPolicy-2019-08-01-swagger.yaml,5.0,0.0
azure.com-network-interfaceEndpoint-2019-02-01-swagger.yaml,0.0,0.0
azure.com-network-ipGroups-2019-11-01-swagger.yaml,3.0,0.0
azure.com-network-loadBalancer-2019-08-01-swagger.yaml,0.0,0.0
azure.com-network-natGateway-2019-08-01-swagger.yaml,3.0,0.0
azure.com-network-networkInterface-2018-01-01-swagger.yaml,0.0,0.0
azure.com-network-networkProfile-2019-08-01-swagger.yaml,0.0,0.0
azure.com-network-networkSecurityGroup-2019-08-01-swagger.yaml,0.0,0.0
azure.com-network-networkWatcher-2019-11-01-swagger.yaml,26.0,0.0
azure.com-network-networkWatcherConnectionMonitorV1-2019-06-01-swagger.yaml,5.0,0.0
azure.com-network-operation-2019-08-01-swagger.yaml,1.0,0.0
azure.com-network-privateEndpoint-2019-08-01-swagger.yaml,0.0,0.0
azure.com-network-privateLinkService-2019-08-01-swagger.yaml,8.0,0.0
azure.com-network-publicIpAddress-2019-08-01-swagger.yaml,0.0,0.0
azure.com-network-publicIpPrefix-2019-08-01-swagger.yaml,3.0,0.0
azure.com-network-routeFilter-2019-08-01-swagger.yaml,5.0,0.0
azure.com-network-routeTable-2019-08-01-swagger.yaml,0.0,0.0
azure.com-network-serviceCommunity-2019-08-01-swagger.yaml,1.0,0.0
azure.com-network-serviceEndpointPolicy-2019-08-01-swagger.yaml,0.0,0.0
azure.com-network-serviceTags-2019-08-01-swagger.yaml,1.0,0.0
azure.com-network-usage-2019-08-01-swagger.yaml,1.0,0.0
azure.com-network-virtualNetwork-2019-08-01-swagger.yaml,0.0,0.0
azure.com-network-virtualNetworkGateway-2019-08-01-swagger.yaml,26.0,0.0
azure.com-network-virtualNetworkTap-2019-08-01-swagger.yaml,0.0,0.0
azure.com-network-virtualRouter-2019-11-01-swagger.yaml,5.0,0.0
azure.com-network-virtualWan-2019-07-01-swagger.yaml,30.0,0.0
azure.com-network-vmssNetworkInterface-2018-10-01-swagger.yaml,5.0,0.0
azure.com-network-vmssPublicIpAddress-2018-10-01-swagger.yaml,3.0,0.0
azure.com-notificationhubs-2017-04-01-swagger.yaml,18.0,0.0
azure.com-operationalinsights-Clusters-2019-08-01-preview-swagger.yaml,3.0,0.0
azure.com-operationalinsights-OperationalInsights-2019-08-01-preview-swagger.yaml,2.0,0.0
azure.com-operationalinsights-swagger-2017-10-01-swagger.yaml,1.0,0.0
azure.com-operationsmanagement-OperationsManagement-2015-11-01-preview-swagger.yaml,8.0,0.0
azure.com-peering-2020-01-01-preview-swagger.yaml,21.0,0.0
azure.com-policyinsights-policyEvents-2017-12-12-preview-swagger.yaml,9.0,0.0
azure.com-policyinsights-policyEvents-2018-04-04-swagger.yaml,9.0,0.0
azure.com-policyinsights-policyMetadata-2019-10-01-swagger.yaml,2.0,0.0
azure.com-policyinsights-policyStates-2018-07-01-preview-swagger.yaml,18.0,0.0
azure.com-policyinsights-policyStates-2019-10-01-swagger.yaml,19.0,0.0
azure.com-policyinsights-policyTrackedResources-2018-07-01-preview-swagger.yaml,4.0,0.0
azure.com-policyinsights-remediations-2018-07-01-preview-swagger.yaml,16.0,0.0
azure.com-policyinsights-remediations-2019-07-01-swagger.yaml,16.0,0.0
azure.com-portal-2019-01-01-preview-swagger.yaml,4.0,0.0
azure.com-postgresql-2017-12-01-preview-swagger.yaml,20.0,0.0
azure.com-postgresql-2017-12-01-swagger.yaml,18.0,0.0
azure.com-postgresql-DataEncryptionKeys-2020-01-01-privatepreview-swagger.yaml,2.0,0.0
azure.com-postgresql-PrivateEndpointConnections-2018-06-01-privatepreview-swagger.yaml,2.0,0.0
azure.com-postgresql-PrivateEndpointConnections-2018-06-01-swagger.yaml,2.0,0.0
azure.com-postgresql-PrivateLinkResources-2018-06-01-privatepreview-swagger.yaml,2.0,0.0
azure.com-postgresql-PrivateLinkResources-2018-06-01-swagger.yaml,2.0,0.0
azure.com-powerbidedicated-2017-10-01-swagger.yaml,9.0,0.0
azure.com-powerbiembedded-2016-01-29-swagger.yaml,9.0,0.0
azure.com-privatedns-2018-09-01-swagger.yaml,8.0,0.0
azure.com-provisioningservices-iotdps-2017-08-21-preview-swagger.yaml,13.0,0.0
azure.com-provisioningservices-iotdps-2017-11-15-swagger.yaml,13.0,0.0
azure.com-recoveryservices-backup-2016-12-01-swagger.yaml,2.0,0.0
azure.com-recoveryservices-registeredidentities-2016-06-01-swagger.yaml,2.0,0.0
azure.com-recoveryservices-replicationusages-2016-06-01-swagger.yaml,1.0,0.0
azure.com-recoveryservices-vaults-2016-06-01-swagger.yaml,6.0,0.0
azure.com-recoveryservices-vaultusages-2016-06-01-swagger.yaml,1.0,0.0
azure.com-recoveryservicesbackup-2016-06-01-swagger.yaml,29.0,0.0
azure.com-recoveryservicesbackup-backupManagement-2016-12-01-swagger.yaml,32.0,0.0
azure.com-recoveryservicesbackup-bms-2019-06-15-swagger.yaml,17.0,0.0
azure.com-recoveryservicesbackup-jobs-2017-07-01-swagger.yaml,2.0,0.0
azure.com-recoveryservicesbackup-operations-2016-08-10-swagger.yaml,1.0,0.0
azure.com-recoveryservicesbackup-registeredIdentities-2016-06-01-swagger.yaml,1.0,0.0
azure.com-recoveryservicessiterecovery-service-2018-07-10-swagger.yaml,96.0,0.0
azure.com-redis-2019-07-01-swagger.yaml,17.0,0.0
azure.com-relay-2017-04-01-swagger.yaml,21.0,0.0
azure.com-reservations-2019-04-01-swagger.yaml,12.0,0.0
azure.com-reservations-quota-2019-07-19-preview-swagger.yaml,5.0,0.0
azure.com-resourcegraph-2018-09-01-preview-swagger.yaml,4.0,0.0
azure.com-resourcegraph-2019-04-01-swagger.yaml,2.0,0.0
azure.com-resourcegraph-graphquery-2018-09-01-preview-swagger.yaml,2.0,0.0
azure.com-resourcehealth-2017-07-01-swagger.yaml,10.0,0.0
azure.com-resourcehealth-ResourceHealth-2018-07-01-preview-swagger.yaml,12.0,0.0
azure.com-resourcehealth-ResourceHealth-2018-07-01-swagger.yaml,9.0,0.0
azure.com-resources-2019-10-01-swagger.yaml,58.0,0.0
azure.com-resources-deploymentScripts-2019-10-01-preview-swagger.yaml,5.0,0.0
azure.com-resources-features-2015-12-01-swagger.yaml,5.0,0.0
azure.com-resources-links-2016-09-01-swagger.yaml,4.0,0.0
azure.com-resources-locks-2016-09-01-swagger.yaml,9.0,0.0
azure.com-resources-managedapplications-2016-09-01-preview-swagger.yaml,8.0,0.0
azure.com-resources-managedapplications-2019-07-01-swagger.yaml,11.0,0.0
azure.com-resources-management-2017-08-31-preview-swagger.yaml,3.0,0.0
azure.com-resources-policy-2015-10-01-preview-swagger.yaml,7.0,0.0
azure.com-resources-policy-2016-04-01-swagger.yaml,7.0,0.0
azure.com-resources-policyAssignments-2017-06-01-preview-swagger.yaml,5.0,0.0
azure.com-resources-policyAssignments-2019-09-01-swagger.yaml,6.0,0.0
azure.com-resources-policyDefinitions-2019-09-01-swagger.yaml,6.0,0.0
azure.com-resources-policySetDefinitions-2017-06-01-preview-swagger.yaml,6.0,0.0
azure.com-resources-policySetDefinitions-2019-09-01-swagger.yaml,6.0,0.0
azure.com-resources-subscriptions-2019-11-01-swagger.yaml,5.0,0.0
azure.com-scheduler-2014-08-01-preview-swagger.yaml,9.0,0.0
azure.com-scheduler-2016-03-01-swagger.yaml,9.0,0.0
azure.com-search-2015-08-19-swagger.yaml,10.0,0.0
azure.com-search-2019-10-01-preview-swagger.yaml,11.0,0.0
azure.com-search-searchservice-2019-05-06-Preview-swagger.yaml,16.0,0.0
azure.com-search-searchservice-2019-05-06-swagger.yaml,16.0,0.0
azure.com-security-2017-08-01-preview-swagger.yaml,17.0,0.0
azure.com-security-adaptiveNetworkHardenings-2015-06-01-preview-swagger.yaml,3.0,0.0
azure.com-security-advancedThreatProtectionSettings-2017-08-01-preview-swagger.yaml,1.0,0.0
azure.com-security-advancedThreatProtectionSettings-2019-01-01-swagger.yaml,1.0,0.0
azure.com-security-alerts-2015-06-01-preview-swagger.yaml,10.0,0.0
azure.com-security-alerts-2019-01-01-swagger.yaml,10.0,0.0
azure.com-security-allowedConnections-2015-06-01-preview-swagger.yaml,3.0,0.0
azure.com-security-applicationWhitelistings-2015-06-01-preview-swagger.yaml,2.0,0.0
azure.com-security-assessmentMetadata-2019-01-01-preview-swagger.yaml,4.0,0.0
azure.com-security-assessmentMetadata-2020-01-01-swagger.yaml,4.0,0.0
azure.com-security-assessments-2019-01-01-preview-swagger.yaml,2.0,0.0
azure.com-security-assessments-2020-01-01-swagger.yaml,2.0,0.0
azure.com-security-automations-2019-01-01-preview-swagger.yaml,4.0,0.0
azure.com-security-autoProvisioningSettings-2017-08-01-preview-swagger.yaml,2.0,0.0
azure.com-security-complianceResults-2017-08-01-swagger.yaml,2.0,0.0
azure.com-security-compliances-2017-08-01-preview-swagger.yaml,2.0,0.0
azure.com-security-deviceSecurityGroups-2017-08-01-preview-swagger.yaml,2.0,0.0
azure.com-security-deviceSecurityGroups-2019-08-01-swagger.yaml,2.0,0.0
azure.com-security-discoveredSecuritySolutions-2015-06-01-preview-swagger.yaml,3.0,0.0
azure.com-security-externalSecuritySolutions-2015-06-01-preview-swagger.yaml,3.0,0.0
azure.com-security-informationProtectionPolicies-2017-08-01-preview-swagger.yaml,2.0,0.0
azure.com-security-iotSecuritySolutionAnalytics-2017-08-01-preview-swagger.yaml,7.0,0.0
azure.com-security-iotSecuritySolutionAnalytics-2019-08-01-swagger.yaml,7.0,0.0
azure.com-security-iotSecuritySolutions-2017-08-01-preview-swagger.yaml,3.0,0.0
azure.com-security-iotSecuritySolutions-2019-08-01-swagger.yaml,3.0,0.0
azure.com-security-jitNetworkAccessPolicies-2015-06-01-preview-swagger.yaml,6.0,0.0
azure.com-security-locations-2015-06-01-preview-swagger.yaml,2.0,0.0
azure.com-security-operations-2015-06-01-preview-swagger.yaml,1.0,0.0
azure.com-security-pricings-2017-08-01-preview-swagger.yaml,4.0,0.0
azure.com-security-pricings-2018-06-01-swagger.yaml,2.0,0.0
azure.com-security-regulatoryCompliance-2019-01-01-preview-swagger.yaml,6.0,0.0
azure.com-security-securityContacts-2017-08-01-preview-swagger.yaml,2.0,0.0
azure.com-security-serverVulnerabilityAssessments-2019-01-01-preview-swagger.yaml,2.0,0.0
azure.com-security-subAssessments-2019-01-01-preview-swagger.yaml,3.0,0.0
azure.com-security-tasks-2015-06-01-preview-swagger.yaml,7.0,0.0
azure.com-security-topologies-2015-06-01-preview-swagger.yaml,3.0,0.0
azure.com-security-types-1.0-swagger.yaml,0.0,0.0
azure.com-security-workspaceSettings-2017-08-01-preview-swagger.yaml,2.0,0.0
azure.com-securityinsights-SecurityInsights-2019-01-01-preview-swagger.yaml,28.0,0.0
azure.com-securityinsights-SecurityInsights-2020-01-01-swagger.yaml,7.0,0.0
azure.com-serialconsole-2018-05-01-swagger.yaml,4.0,0.0
azure.com-servermanagement-2015-07-01-preview-swagger.yaml,15.0,0.0
azure.com-servermanagement-2016-07-01-preview-swagger.yaml,15.0,0.0
azure.com-service-map-arm-service-map-2015-11-01-preview-swagger.yaml,22.0,0.0
azure.com-servicebus-2017-04-01-swagger.yaml,43.0,0.0
azure.com-servicebus-servicebus-preview-2018-01-01-preview-swagger.yaml,9.0,0.0
azure.com-servicefabric-2016-09-01-swagger.yaml,8.0,0.0
azure.com-servicefabric-2017-07-01-preview-swagger.yaml,8.0,0.0
azure.com-servicefabric-application-2019-03-01-swagger.yaml,9.0,0.0
azure.com-servicefabric-application-2019-06-01-preview-swagger.yaml,9.0,0.0
azure.com-servicefabric-cluster-2019-03-01-swagger.yaml,8.0,0.0
azure.com-servicefabric-cluster-2019-06-01-preview-swagger.yaml,8.0,0.0
azure.com-servicefabricmesh-2018-09-01-preview-swagger.yaml,24.0,0.0
azure.com-signalr-2018-03-01-preview-swagger.yaml,8.0,0.0
azure.com-signalr-2018-10-01-swagger.yaml,9.0,0.0
azure.com-softwareplan-2019-06-01-preview-swagger.yaml,5.0,0.0
azure.com-softwareplan-2019-12-01-swagger.yaml,5.0,0.0
azure.com-sql-advisors-2014-04-01-swagger.yaml,4.0,0.0
azure.com-sql-advisors-2015-05-01-preview-swagger.yaml,6.0,0.0
azure.com-sql-backupLongTermRetentionPolicies-2014-04-01-swagger.yaml,2.0,0.0
azure.com-sql-backupLongTermRetentionVaults-2014-04-01-swagger.yaml,2.0,0.0
azure.com-sql-backups-2014-04-01-swagger.yaml,4.0,0.0
azure.com-sql-blobAuditing-2017-03-01-preview-swagger.yaml,6.0,0.0
azure.com-sql-blobAuditingPolicies-2015-05-01-preview-swagger.yaml,1.0,0.0
azure.com-sql-cancelOperations-2017-10-01-preview-swagger.yaml,2.0,0.0
azure.com-sql-cancelPoolOperations-2017-10-01-preview-swagger.yaml,2.0,0.0
azure.com-sql-capabilities-2015-05-01-swagger.yaml,1.0,0.0
azure.com-sql-capabilities-2018-06-01-preview-swagger.yaml,1.0,0.0
azure.com-sql-checkNameAvailability-2014-04-01-swagger.yaml,1.0,0.0
azure.com-sql-connectionPolicies-2014-04-01-swagger.yaml,1.0,0.0
azure.com-sql-databaseAutomaticTuning-2015-05-01-preview-swagger.yaml,1.0,0.0
azure.com-sql-databases-2014-04-01-swagger.yaml,8.0,0.0
azure.com-sql-databases-2019-06-01-preview-swagger.yaml,9.0,0.0
azure.com-sql-DatabaseSchema-2018-06-01-preview-swagger.yaml,6.0,0.0
azure.com-sql-DatabaseSecurityAlertPolicies-2014-04-01-swagger.yaml,1.0,0.0
azure.com-sql-DatabaseSecurityAlertPolicies-2018-06-01-preview-swagger.yaml,2.0,0.0
azure.com-sql-databaseVulnerabilityAssessmentBaselines-2017-03-01-preview-swagger.yaml,1.0,0.0
azure.com-sql-databaseVulnerabilityAssessments-2017-03-01-preview-swagger.yaml,2.0,0.0
azure.com-sql-databaseVulnerabilityAssessmentScans-2017-10-01-preview-swagger.yaml,4.0,0.0
azure.com-sql-dataMasking-2014-04-01-swagger.yaml,3.0,0.0
azure.com-sql-dataWarehouseUserActivities-2017-03-01-preview-swagger.yaml,1.0,0.0
azure.com-sql-deprecated-2014-04-01-swagger.yaml,3.0,0.0
azure.com-sql-disasterRecoveryConfigurations-2014-04-01-swagger.yaml,4.0,0.0
azure.com-sql-elasticPools-2014-04-01-swagger.yaml,2.0,0.0
azure.com-sql-elasticPools-2017-10-01-preview-swagger.yaml,2.0,0.0
azure.com-sql-encryptionProtectors-2015-05-01-preview-swagger.yaml,3.0,0.0
azure.com-sql-FailoverDatabases-2018-06-01-preview-swagger.yaml,1.0,0.0
azure.com-sql-FailoverElasticPools-2018-06-01-preview-swagger.yaml,1.0,0.0
azure.com-sql-failoverGroups-2015-05-01-preview-swagger.yaml,4.0,0.0
azure.com-sql-firewallRules-2014-04-01-swagger.yaml,2.0,0.0
azure.com-sql-firewallRules-2015-05-01-preview-swagger.yaml,2.0,0.0
azure.com-sql-geoBackupPolicies-2014-04-01-swagger.yaml,2.0,0.0
azure.com-sql-importExport-2014-04-01-swagger.yaml,3.0,0.0
azure.com-sql-instanceFailoverGroups-2017-10-01-preview-swagger.yaml,4.0,0.0
azure.com-sql-instancePools-2018-06-01-preview-swagger.yaml,3.0,0.0
azure.com-sql-jobs-2017-03-01-preview-swagger.yaml,24.0,0.0
azure.com-sql-longTermRetention-2017-03-01-preview-swagger.yaml,10.0,0.0
azure.com-sql-ManagedBackupShortTermRetention-2017-03-01-preview-swagger.yaml,2.0,0.0
azure.com-sql-managedDatabases-2019-06-01-preview-swagger.yaml,4.0,0.0
azure.com-sql-ManagedDatabaseSchema-2018-06-01-preview-swagger.yaml,6.0,0.0
azure.com-sql-ManagedDatabaseSecurityAlertPolicies-2017-03-01-preview-swagger.yaml,2.0,0.0
azure.com-sql-managedDatabaseSensitivityLabels-2018-06-01-preview-swagger.yaml,5.0,0.0
azure.com-sql-managedDatabaseVulnerabilityAssesmentRuleBaselines-2017-10-01-preview-swagger.yaml,1.0,0.0
azure.com-sql-managedDatabaseVulnerabilityAssessments-2017-10-01-preview-swagger.yaml,2.0,0.0
azure.com-sql-managedDatabaseVulnerabilityAssessmentScans-2017-10-01-preview-swagger.yaml,4.0,0.0
azure.com-sql-managedInstanceAdministrators-2017-03-01-preview-swagger.yaml,2.0,0.0
azure.com-sql-ManagedInstanceEncryptionProtectors-2017-10-01-preview-swagger.yaml,3.0,0.0
azure.com-sql-ManagedInstanceKeys-2017-10-01-preview-swagger.yaml,2.0,0.0
azure.com-sql-managedInstanceOperations-2018-06-01-preview-swagger.yaml,1.0,0.0
azure.com-sql-managedInstances-2018-06-01-preview-swagger.yaml,4.0,0.0
azure.com-sql-ManagedInstanceTdeCertificates-2017-10-01-preview-swagger.yaml,1.0,0.0
azure.com-sql-ManagedInstanceVulnerabilityAssessments-2018-06-01-preview-swagger.yaml,2.0,0.0
azure.com-sql-ManagedRestorableDroppedDatabaseBackupShortTermRetenion-2017-03-01-preview-swagger.yaml,2.0,0.0
azure.com-sql-ManagedServerSecurityAlertPolicy-2017-03-01-preview-swagger.yaml,2.0,0.0
azure.com-sql-metrics-2014-04-01-swagger.yaml,4.0,0.0
azure.com-sql-operations-2014-04-01-swagger.yaml,1.0,0.0
azure.com-sql-operations-2015-05-01-preview-swagger.yaml,1.0,0.0
azure.com-sql-PrivateEndpointConnections-2018-06-01-preview-swagger.yaml,2.0,0.0
azure.com-sql-PrivateLinkResources-2018-06-01-preview-swagger.yaml,2.0,0.0
azure.com-sql-queries-2014-04-01-swagger.yaml,3.0,0.0
azure.com-sql-recommendedElasticPools-2014-04-01-swagger.yaml,3.0,0.0
azure.com-sql-recommendedElasticPoolsDecoupled-2014-04-01-swagger.yaml,3.0,0.0
azure.com-sql-recoverableManagedDatabases-2017-10-01-preview-swagger.yaml,2.0,0.0
azure.com-sql-renameDatabase-2017-03-01-preview-swagger.yaml,1.0,0.0
azure.com-sql-replicationLinks-2014-04-01-swagger.yaml,4.0,0.0
azure.com-sql-restorableDroppedManagedDatabases-2017-03-01-preview-swagger.yaml,2.0,0.0
azure.com-sql-restorePoints-2014-04-01-swagger.yaml,1.0,0.0
azure.com-sql-restorePoints-2017-03-01-preview-swagger.yaml,2.0,0.0
azure.com-sql-SensitivityLabels-2018-06-01-preview-swagger.yaml,4.0,0.0
azure.com-sql-serverAutomaticTuning-2017-03-01-preview-swagger.yaml,1.0,0.0
azure.com-sql-ServerAzureADAdministrators-2014-04-01-swagger.yaml,2.0,0.0
azure.com-sql-ServerAzureADAdministrators-2018-06-01-preview-swagger.yaml,2.0,0.0
azure.com-sql-serverCommunicationLinks-2014-04-01-swagger.yaml,2.0,0.0
azure.com-sql-serverDnsAliases-2017-03-01-preview-swagger.yaml,3.0,0.0
azure.com-sql-serverKeys-2015-05-01-preview-swagger.yaml,2.0,0.0
azure.com-sql-serverOperations-2019-06-01-preview-swagger.yaml,1.0,0.0
azure.com-sql-servers-2014-04-01-swagger.yaml,3.0,0.0
azure.com-sql-servers-2019-06-01-preview-swagger.yaml,4.0,0.0
azure.com-sql-serverSecurityAlertPolicies-2017-03-01-preview-swagger.yaml,2.0,0.0
azure.com-sql-ServerVulnerabilityAssessments-2018-06-01-preview-swagger.yaml,2.0,0.0
azure.com-sql-serviceObjectives-2014-04-01-swagger.yaml,2.0,0.0
azure.com-sql-shortTermRetentionPolicies-2017-10-01-preview-swagger.yaml,2.0,0.0
azure.com-sql-sql.core-2014-04-01-swagger.yaml,6.0,0.0
azure.com-sql-syncAgents-2015-05-01-preview-swagger.yaml,4.0,0.0
azure.com-sql-syncGroups-2015-05-01-preview-swagger.yaml,8.0,0.0
azure.com-sql-syncMembers-2015-05-01-preview-swagger.yaml,4.0,0.0
azure.com-sql-tableAuditing-2014-04-01-swagger.yaml,5.0,0.0
azure.com-sql-TdeCertificates-2017-10-01-preview-swagger.yaml,1.0,0.0
azure.com-sql-types-1.0-swagger.yaml,0.0,0.0
azure.com-sql-usages-2014-04-01-swagger.yaml,2.0,0.0
azure.com-sql-usages-2015-05-01-preview-swagger.yaml,2.0,0.0
azure.com-sql-usages-2015-05-01-swagger.yaml,2.0,0.0
azure.com-sql-usages-2018-06-01-preview-swagger.yaml,1.0,0.0
azure.com-sql-virtualclusters-2015-05-01-preview-swagger.yaml,3.0,0.0
azure.com-sql-virtualNetworkRules-2015-05-01-preview-swagger.yaml,2.0,0.0
azure.com-sql-WorkloadClassifiers-2019-06-01-preview-swagger.yaml,2.0,0.0
azure.com-sql-WorkloadGroups-2019-06-01-preview-swagger.yaml,2.0,0.0
azure.com-sqlvirtualmachine-sqlvm-2017-03-01-preview-swagger.yaml,10.0,0.0
azure.com-storage-2018-03-01-preview-swagger.yaml,13.0,0.0
azure.com-storage-2019-06-01-swagger.yaml,17.0,0.0
azure.com-storage-blob-2018-03-01-preview-swagger.yaml,8.0,0.0
azure.com-storage-blob-2019-06-01-swagger.yaml,10.0,0.0
azure.com-storage-DataLakeStorage-2019-10-31-swagger.yaml,3.0,0.0
azure.com-storage-file-2019-06-01-swagger.yaml,4.0,0.0
azure.com-storage-managementpolicy-2018-03-01-preview-swagger.yaml,1.0,0.0
azure.com-storagecache-2019-08-01-preview-swagger.yaml,12.0,0.0
azure.com-storagecache-2019-11-01-swagger.yaml,12.0,0.0
azure.com-storageimportexport-2016-11-01-swagger.yaml,7.0,0.0
azure.com-storagesync-2017-06-05-preview-swagger.yaml,20.0,0.0
azure.com-storagesync-2019-06-01-swagger.yaml,25.0,0.0
azure.com-storSimple1200Series-StorSimple-2016-10-01-swagger.yaml,67.0,0.0
azure.com-storsimple8000series-storsimple-2017-06-01-swagger.yaml,66.0,0.0
azure.com-streamanalytics-functions-2016-03-01-swagger.yaml,4.0,0.0
azure.com-streamanalytics-inputs-2016-03-01-swagger.yaml,3.0,0.0
azure.com-streamanalytics-outputs-2016-03-01-swagger.yaml,3.0,0.0
azure.com-streamanalytics-streamingjobs-2016-03-01-swagger.yaml,6.0,0.0
azure.com-streamanalytics-subscriptions-2016-03-01-swagger.yaml,1.0,0.0
azure.com-streamanalytics-transformations-2016-03-01-swagger.yaml,1.0,0.0
azure.com-subscription-operations-2018-03-01-preview-swagger.yaml,1.0,0.0
azure.com-subscription-subscriptionDefinitions-2017-11-01-preview-swagger.yaml,4.0,0.0
azure.com-subscription-subscriptions-2016-06-01-swagger.yaml,4.0,0.0
azure.com-subscription-subscriptions-2019-10-01-preview-swagger.yaml,8.0,0.0
azure.com-subscription-subscriptions-2020-01-01-swagger.yaml,8.0,0.0
azure.com-support-2019-05-01-preview-swagger.yaml,11.0,0.0
azure.com-timeseriesinsights-2017-02-28-preview-swagger.yaml,10.0,0.0
azure.com-timeseriesinsights-2017-11-15-swagger.yaml,10.0,0.0
azure.com-timeseriesinsights-2018-11-01-preview-swagger.yaml,12.0,0.0
azure.com-trafficmanager-2018-04-01-swagger.yaml,8.0,0.0
azure.com-trafficmanager-trafficmanageranalytics-2017-09-01-preview-swagger.yaml,2.0,0.0
azure.com-visualstudio-Csm-2017-11-01-preview-swagger.yaml,8.0,0.0
azure.com-visualstudio-PipelineTemplates-2018-08-01-preview-swagger.yaml,1.0,0.0
azure.com-visualstudio-Projects-2018-08-01-preview-swagger.yaml,2.0,0.0
azure.com-vmwarecloudsimple-2019-04-01-swagger.yaml,25.0,0.0
azure.com-web-AppServiceCertificateOrders-2019-08-01-swagger.yaml,14.0,0.0
azure.com-web-AppServiceEnvironments-2019-08-01-swagger.yaml,29.0,0.0
azure.com-web-AppServicePlans-2019-08-01-swagger.yaml,19.0,0.0
azure.com-web-CertificateRegistrationProvider-2019-08-01-swagger.yaml,1.0,0.0
azure.com-web-Certificates-2019-08-01-swagger.yaml,3.0,0.0
azure.com-web-CommonDefinitions-2019-08-01-swagger.yaml,0.0,0.0
azure.com-web-DeletedWebApps-2019-08-01-swagger.yaml,3.0,0.0
azure.com-web-Diagnostics-2019-08-01-swagger.yaml,22.0,0.0
azure.com-web-DomainRegistrationProvider-2019-08-01-swagger.yaml,1.0,0.0
azure.com-web-Domains-2019-08-01-swagger.yaml,9.0,0.0
azure.com-web-logicAppsManagementClient-2015-08-01-preview-swagger.yaml,7.0,0.0
azure.com-web-logicAppsManagementClient-2016-06-01-swagger.yaml,17.0,0.0
azure.com-web-Provider-2019-08-01-swagger.yaml,3.0,0.0
azure.com-web-Recommendations-2019-08-01-swagger.yaml,15.0,0.0
azure.com-web-ResourceHealthMetadata-2019-08-01-swagger.yaml,6.0,0.0
azure.com-web-ResourceProvider-2019-08-01-swagger.yaml,14.0,0.0
azure.com-web-service-2015-08-01-swagger.yaml,213.0,0.0
azure.com-web-TopLevelDomains-2019-08-01-swagger.yaml,3.0,0.0
azure.com-web-WebApps-2019-08-01-swagger.yaml,262.0,0.0
azure.com-windowsesu-2019-09-16-preview-swagger.yaml,4.0,0.0
azure.com-windowsiot-WindowsIotServices-2018-02-16-preview-swagger.yaml,5.0,0.0
azure.com-windowsiot-WindowsIotServices-2019-06-01-swagger.yaml,5.0,0.0
azure.com-workloadmonitor-Microsoft.WorkloadMonitor-2018-08-31-preview-swagger.yaml,11.0,0.0
bandsintown.com-3.0.0-swagger.yaml,2.0,0.0
bbc.co.uk-1.0.0-swagger.yaml,45.0,0.0
beanstream.com-1.0.1-swagger.yaml,11.0,0.0
beezup.com-2.0-swagger.yaml,170.0,0.0
betfair.com-1.0.1423-swagger.yaml,1.0,0.0
bhagavadgita.io-1.0-swagger.yaml,6.0,0.0
bigoven.com-partner-swagger.yaml,54.0,0.0
billbee.io-v1-swagger.yaml,51.0,0.0
bitbucket.org-2.0-swagger.yaml,112.0,0.0
blazemeter.com-4-swagger.yaml,11.0,0.0
bluemix.net-containers-3.0.0-swagger.yaml,41.0,0.0
botify.com-1.0.0-swagger.yaml,40.0,0.0
brandlovers.com-1.0.0-swagger.yaml,31.0,0.0
browshot.com-1.17.0-swagger.yaml,17.0,0.0
bufferapp.com-1-swagger.yaml,18.0,0.0
bulksms.com-1.0.0-swagger.yaml,7.0,0.0
bungie.net-2.0.0-swagger.yaml,94.0,0.0
callcontrol.com-2015-11-01-swagger.yaml,6.0,0.0
callfire.com-V2-swagger.yaml,88.0,0.0
cambase.io-1.0-swagger.yaml,8.0,0.0
carbondoomsday.com-v1-swagger.yaml,2.0,0.0
cenit.io-v1-swagger.yaml,20.0,0.0
channel4.com-1.0.0-swagger.yaml,68.0,0.0
circleci.com-v1-swagger.yaml,17.0,0.0
circuitsandbox.net-2.9.178-swagger.yaml,88.0,0.0
cisco.com-0.0.3-swagger.yaml,19.0,0.0
citrixonline.com-gotomeeting-1.0.0-swagger.yaml,18.0,0.0
citrixonline.com-scim-NA-swagger.yaml,7.0,0.0
citycontext.com-1.0.0-swagger.yaml,3.0,0.0
clarify.io-1.3.7-swagger.yaml,10.0,0.0
clever-cloud.com-1.0.0-swagger.yaml,188.0,0.0
clever.com-1.2.0-swagger.yaml,44.0,0.0
clickmeter.com-v2-swagger.yaml,79.0,0.0
cloudmersive.com-ocr-v1-swagger.yaml,16.0,0.0
cnab-online.herokuapp.com-1.0.0-swagger.yaml,4.0,0.0
code-scan.com-1.0.0-swagger.yaml,1.0,0.0
collegefootballdata.com-1.5.0-swagger.yaml,30.0,0.0
consumerfinance.gov-1.0-swagger.yaml,6.0,0.0
contribly.com-1.0.0-swagger.yaml,35.0,0.0
core.ac.uk-2.0-swagger.yaml,18.0,0.0
corona-virus-stats.herokuapp.com-v1-swagger.yaml,3.0,0.0
crossbrowsertesting.com-3.0.0-swagger.yaml,3.0,0.0
crucible.local-1.0.0-swagger.yaml,63.0,0.0
cybertaxonomy.eu-1.0-swagger.yaml,2.0,0.0
d7networks.com-1.0.2-swagger.yaml,3.0,0.0
daniweb.com-4-swagger.yaml,51.0,0.0
data.gov-3.0-swagger.yaml,3.0,0.0
data2crm.com-1-swagger.yaml,53.0,0.0
dataatwork.org-1.0-swagger.yaml,13.0,0.0
deeparteffects.com-2017-02-10T162446Z-swagger.yaml,3.0,0.0
deutschebahn.com-betriebsstellen-v1-swagger.yaml,2.0,0.0
deutschebahn.com-fahrplan-v1-swagger.yaml,4.0,0.0
deutschebahn.com-fasta-v1-swagger.yaml,5.0,0.0
deutschebahn.com-flinkster-v1-swagger.yaml,10.0,0.0
deutschebahn.com-reisezentren-v1-swagger.yaml,4.0,0.0
deutschebahn.com-stada-2.2.01-swagger.yaml,4.0,0.0
digitallinguistics.io-0.3.1-swagger.yaml,6.0,0.0
docker.com-engine-1.33-swagger.yaml,97.0,0.0
docusign.net-v2-swagger.yaml,172.0,0.0
domainsdb.info-1.0.0-swagger.yaml,1.0,0.0
dracoon.team-4.18.1-swagger.yaml,144.0,0.0
dropx.io-1.0.0-swagger.yaml,7.0,0.0
dweet.io-2.0-swagger.yaml,13.0,0.0
ebay.com-buy-browse-v1_beta.26.0-swagger.yaml,10.0,0.0
ebay.com-buy-feed-v1_beta.17.0-swagger.yaml,3.0,0.0
ebay.com-buy-marketing-v1_beta.1.0-swagger.yaml,3.0,0.0
ebay.com-commerce-taxonomy-v1_beta.4.0-swagger.yaml,7.0,0.0
ebay.com-sell-fulfillment-1.3.0-swagger.yaml,4.0,0.0
elmah.io-v3-swagger.yaml,9.0,0.0
envoice.in-v1-swagger.yaml,42.0,0.0
epa.gov-air-0.0.0-swagger.yaml,8.0,0.0
epa.gov-case-1.0.0-swagger.yaml,11.0,0.0
epa.gov-cwa-2019.10.15-swagger.yaml,18.0,0.0
epa.gov-dfr-0.0.0-swagger.yaml,47.0,0.0
epa.gov-echo-1.0.0-swagger.yaml,8.0,0.0
epa.gov-eff-1.0.0-swagger.yaml,4.0,0.0
epa.gov-rcra-0.0.0-swagger.yaml,8.0,0.0
epa.gov-sdw-0.0.0-swagger.yaml,4.0,0.0
etmdb.com-1.0.0-swagger.yaml,27.0,0.0
europeana.eu-2.3.0-swagger.yaml,13.0,0.0
evemarketer.com-1.0.1-swagger.yaml,2.0,0.0
evetech.net-0.8.6-swagger.yaml,191.0,0.0
exavault.com-1.0.0-swagger.yaml,35.0,0.0
faretrotter.com-2.0-swagger.yaml,2.0,0.0
fec.gov-1.0-swagger.yaml,95.0,0.0
fecru.local-1.0.0-swagger.yaml,71.0,0.0
figshare.com-2.0.0-swagger.yaml,87.0,0.0
firebrowse.org-1.1.38-swagger.yaml,30.0,0.0
fisheye.local-1.0.0-swagger.yaml,16.0,0.0
flat.io-2.8.0-swagger.yaml,44.0,0.0
flickr.com-1.0.0-swagger.yaml,25.0,0.0
formapi.io-v1-swagger.yaml,5.0,0.0
freesound.org-2.0.0-swagger.yaml,2.0,0.0
fungenerators.com-lottery-1.5-swagger.yaml,3.0,0.0
fungenerators.com-qrcode-1.5-swagger.yaml,9.0,0.0
fungenerators.com-random-facts-1.5-swagger.yaml,7.0,0.0
funtranslations.com-braile-2.3-swagger.yaml,5.0,0.0
funtranslations.com-index-2.3-swagger.yaml,36.0,0.0
funtranslations.com-starwars-2.3-swagger.yaml,6.0,0.0
furkot.com-1.0.0-swagger.yaml,2.0,0.0
gamesparks.net-game-details-v2-swagger.yaml,56.0,0.0
geneea.com-1.0-swagger.yaml,7.0,0.0
getgo.com-gototraining-1.0.0-swagger.yaml,17.0,0.0
getgo.com-gotowebinar-1.0.0-swagger.yaml,30.0,0.0
getsandbox.com-v1-swagger.yaml,5.0,0.0
gettyimages.com-3-swagger.yaml,39.0,0.0
giphy.com-1.0-swagger.yaml,10.0,0.0
gisgraphy.com-4.0.0-swagger.yaml,6.0,0.0
gitea.io-1.1.1-swagger.yaml,138.0,0.0
github.com-v3-swagger.yaml,156.0,0.0
gitlab.com-v3-swagger.yaml,251.0,0.0
globalwinescore.com-8234aab51481d37a30757d925b7f4221a659427e-swagger.yaml,2.0,0.0
graphhopper.com-1.0-swagger.yaml,2.0,0.0
greenpeace.org-1.0.0-swagger.yaml,6.0,0.0
gsa.gov-0.1-swagger.yaml,5.0,0.0
haloapi.com-metadata-1.0-swagger.yaml,37.0,0.0
haloapi.com-profile-1.0-swagger.yaml,3.0,0.0
haloapi.com-stats-1.0-swagger.yaml,28.0,0.0
haloapi.com-ugc-1.0-swagger.yaml,4.0,0.0
handwrytten.com-1.0.0-swagger.yaml,26.0,0.0
healthcare.gov-1.0.0-swagger.yaml,16.0,0.0
here.com-positioning-1.7.0-swagger.yaml,1.0,0.0
here.com-tracking-2.0.0-swagger.yaml,47.0,0.0
hetras-certification.net-booking-v0-swagger.yaml,17.0,0.0
hetras-certification.net-hotel-v0-swagger.yaml,18.0,0.0
hhs.gov-2-swagger.yaml,32.0,0.0
highwaysengland.co.uk-v1-swagger.yaml,10.0,0.0
hillbillysoftware.com-shinobi-v1-swagger.yaml,58.0,0.0
hsbc.com-1.0.0-swagger.yaml,19.0,0.0
hydramovies.com-1.1-swagger.yaml,2.0,0.0
idtbeyond.com-1.1.7-swagger.yaml,15.0,0.0
ijenko.net-3.0.0-swagger.yaml,43.0,0.0
illumidesk.com-1.0-swagger.yaml,71.0,0.0
image-charts.com-5.0.0-swagger.yaml,1.0,0.0
import.io-data-1.0-swagger.yaml,2.0,0.0
import.io-extraction-1.0-swagger.yaml,1.0,0.0
import.io-rss-1.0-swagger.yaml,1.0,0.0
import.io-run-1.0-swagger.yaml,2.0,0.0
import.io-schedule-1.0-swagger.yaml,2.0,0.0
inboxroute.com-0.9-swagger.yaml,5.0,0.0
infermedica.com-v2-swagger.yaml,18.0,0.0
instagram.com-1.0.0-swagger.yaml,23.0,0.0
instawell.com-1.0-swagger.yaml,8.0,0.0
iqualify.com-v1-swagger.yaml,52.0,0.0
isbndb.com-1.0.1-swagger.yaml,10.0,0.0
isendpro.com-1.1.1-swagger.yaml,12.0,0.0
iva-api.com-2.0-swagger.yaml,133.0,0.0
je-apis.com-2.0.0.0-swagger.yaml,64.0,0.0
jira.local-1.0.0-swagger.yaml,205.0,0.0
jirafe.com-2.0.0-swagger.yaml,6.0,0.0
jokes.one-1.1-swagger.yaml,9.0,0.0
jumpseller.com-1-swagger.yaml,62.0,0.0
just-eat.co.uk-v1-swagger.yaml,12.0,0.0
keyserv.solutions-1.2.5-swagger.yaml,18.0,0.0
koomalooma.com-1.0-swagger.yaml,2.0,0.0
kubernetes.io-v1.18.0-swagger.yaml,497.0,0.0
landregistry.gov.uk-deed-1.0.0-swagger.yaml,2.0,0.0
languagetool.org-1.0.2-swagger.yaml,2.0,0.0
launchdarkly.com-2.0.5-swagger.yaml,24.0,0.0
learnifier.com-1.1.0-swagger.yaml,24.0,0.0
letmc.com-basic-tier-v2-basic-tier-swagger.yaml,44.0,0.0
letmc.com-customer-v2-customer-swagger.yaml,21.0,0.0
letmc.com-diary-v3-diary-swagger.yaml,5.0,0.0
letmc.com-free-tier-v2-free-tier-swagger.yaml,43.0,0.0
letmc.com-maintenance-v3-maintenance-swagger.yaml,1.0,0.0
letmc.com-reporting-v3-reporting-swagger.yaml,4.0,0.0
link.fish-2018-07-05-swagger.yaml,8.0,0.0
logoraisr.com-v1-swagger.yaml,8.0,0.0
lotadata.com-2.0.0-swagger.yaml,4.0,0.0
lufthansa.com-partner-1.0-swagger.yaml,16.0,0.0
lufthansa.com-public-1.0-swagger.yaml,15.0,0.0
lumminary.com-1.0-swagger.yaml,15.0,0.0
lyft.com-1.0.0-swagger.yaml,15.0,0.0
magento.com-2.1-swagger.yaml,277.0,0.0
magick.nu-1.0-swagger.yaml,8.0,0.0
maif.local-otoroshi-1.1.2-swagger.yaml,26.0,0.0
mandrillapp.com-1.0-swagger.yaml,90.0,0.0
mashape.com-geodb-1.0.0-swagger.yaml,24.0,0.0
mcw.edu-1.1-swagger.yaml,93.0,0.0
medium.com-1.0.0-swagger.yaml,5.0,0.0
mercedes-benz.com-configurator-1.0-swagger.yaml,24.0,0.0
mercedes-benz.com-dealer-1.0-swagger.yaml,3.0,0.0
mercedes-benz.com-diagnostics-1.0-swagger.yaml,4.0,0.0
mercedes-benz.com-image-1.0-swagger.yaml,8.0,0.0
miataru.com-1.0.0-swagger.yaml,5.0,0.0
microsoft.com-cognitiveservices-AutoSuggest-1.0-swagger.yaml,1.0,0.0
microsoft.com-cognitiveservices-ComputerVision-2.0-swagger.yaml,9.0,0.0
microsoft.com-cognitiveservices-ComputerVision-2.1-swagger.yaml,9.0,0.0
microsoft.com-cognitiveservices-CustomImageSearch-1.0-swagger.yaml,1.0,0.0
microsoft.com-cognitiveservices-CustomSearch-1.0-swagger.yaml,1.0,0.0
microsoft.com-cognitiveservices-EntitySearch-1.0-swagger.yaml,1.0,0.0
microsoft.com-cognitiveservices-ImageSearch-1.0-swagger.yaml,3.0,0.0
microsoft.com-cognitiveservices-LocalSearch-1.0-swagger.yaml,1.0,0.0
microsoft.com-cognitiveservices-NewsSearch-1.0-swagger.yaml,3.0,0.0
microsoft.com-cognitiveservices-Ocr-2.1-swagger.yaml,4.0,0.0
microsoft.com-cognitiveservices-Prediction-3.0-swagger.yaml,8.0,0.0
microsoft.com-cognitiveservices-SpellCheck-1.0-swagger.yaml,1.0,0.0
microsoft.com-cognitiveservices-Training-3.2-swagger.yaml,35.0,0.0
microsoft.com-cognitiveservices-VisualSearch-1.0-swagger.yaml,1.0,0.0
microsoft.com-cognitiveservices-WebSearch-1.0-swagger.yaml,1.0,0.0
moderatecontent.com-1.0.0-swagger.yaml,1.0,0.0
mon-voyage-pas-cher.com-0.0.1-swagger.yaml,12.0,0.0
moonmoonmoonmoon.com-1.0-swagger.yaml,2.0,0.0
motaword.com-1.0-swagger.yaml,32.0,0.0
mozilla.com-kinto-1.22-swagger.yaml,20.0,0.0
musixmatch.com-1.1.0-swagger.yaml,16.0,0.0
n-auth.com-0.0.3-swagger.yaml,14.0,0.0
nativeads.com-1.0.0-swagger.yaml,4.0,0.0
naviplancentral.com-factfinder-v1-swagger.yaml,82.0,0.0
naviplancentral.com-plan-v1-swagger.yaml,64.0,0.0
nba.com-1.0.0-swagger.yaml,91.0,0.0
nebl.io-1.2.1-swagger.yaml,49.0,0.0
netatmo.net-1.1.1-swagger.yaml,20.0,0.0
netlicensing.io-2.x-swagger.yaml,20.0,0.0
netlify.com-0.1.0-swagger.yaml,48.0,0.0
neutrinoapi.net-3.4.5-swagger.yaml,26.0,0.0
nfusionsolutions.biz-1-swagger.yaml,17.0,0.0
noosh.com-1.0-swagger.yaml,54.0,0.0
npr.org-authorization-2-swagger.yaml,4.0,0.0
npr.org-identity-2-swagger.yaml,4.0,0.0
npr.org-listening-2-swagger.yaml,9.0,0.0
npr.org-sponsorship-2-swagger.yaml,1.0,0.0
npr.org-station-finder-3-swagger.yaml,2.0,0.0
nrel.gov-building-case-studies-1.0-swagger.yaml,2.0,0.0
nrel.gov-transportation-incentives-laws-0.1.0-swagger.yaml,4.0,0.0
nytimes.com-archive-1.0.0-swagger.yaml,1.0,0.0
nytimes.com-article_search-1.0.0-swagger.yaml,1.0,0.0
nytimes.com-books_api-3.0.0-swagger.yaml,6.0,0.0
nytimes.com-community-3.0.0-swagger.yaml,4.0,0.0
nytimes.com-geo_api-1.0.0-swagger.yaml,1.0,0.0
nytimes.com-most_popular_api-2.0.0-swagger.yaml,3.0,0.0
nytimes.com-movie_reviews-2.0.0-swagger.yaml,3.0,0.0
nytimes.com-semantic_api-2.0.0-swagger.yaml,2.0,0.0
nytimes.com-timeswire-3.0.0-swagger.yaml,3.0,0.0
nytimes.com-times_tags-1.0.0-swagger.yaml,1.0,0.0
nytimes.com-top_stories-2.0.0-swagger.yaml,1.0,0.0
o2.cz-mobility-1.2.0-swagger.yaml,2.0,0.0
o2.cz-sociodemo-1.2.0-swagger.yaml,3.0,0.0
obono.at-1.4.0.0-swagger.yaml,17.0,0.0
omdbapi.com-1-swagger.yaml,1.0,0.0
openalpr.com-2.0.1-swagger.yaml,4.0,0.0
openapi-converter.herokuapp.com-1.0.0-swagger.yaml,4.0,0.0
openapi.space-1.0.0-swagger.yaml,12.0,0.0
openbanking.org.uk-v1.3-swagger.yaml,6.0,0.0
opencagedata.com-1-swagger.yaml,1.0,0.0
opendatasoft.com-2.1.0-swagger.yaml,36.0,0.0
openfintech.io-2017-08-24-swagger.yaml,18.0,0.0
openstf.io-2.3.0-swagger.yaml,8.0,0.0
opentargets.io-19.02.1-swagger.yaml,27.0,0.0
opentrials.local-0.0.1-swagger.yaml,18.0,0.0
opto22.com-groov-R4.2a-swagger.yaml,10.0,0.0
opto22.com-pac-R1.0a-swagger.yaml,38.0,0.0
orghunter.com-1.0.0-swagger.yaml,6.0,0.0
ornl.gov-daymet-1.0.2-swagger.yaml,4.0,0.0
osf.io-2.0-swagger.yaml,113.0,0.0
osisoft.com-1.11.1.5383-swagger.yaml,263.0,0.0
owler.com-1.0.0-swagger.yaml,13.0,0.0
oxforddictionaries.com-1.11.0-swagger.yaml,26.0,0.0
paccurate.io-0.1.1-swagger.yaml,1.0,0.0
pandorabots.com-1.0.0-swagger.yaml,7.0,0.0
passwordutility.net-v1-swagger.yaml,2.0,0.0
paylocity.com-2-swagger.yaml,22.0,0.0
payments.service.gov.uk-payments-1.0.3-swagger.yaml,12.0,0.0
payrun.io-19.20.3.251-swagger.yaml,214.0,0.0
peel-ci.com-1.0.0-swagger.yaml,5.0,0.0
pendo.io-1.0.0-swagger.yaml,18.0,0.0
personio.de-authentication-1.0-swagger.yaml,1.0,0.0
personio.de-personnel-1.0-swagger.yaml,8.0,0.0
phila.gov-pollingplaces-1.0-swagger.yaml,1.0,0.0
pims.io-1.0-swagger.yaml,28.0,0.0
poemist.com-1.0-swagger.yaml,1.0,0.0
polygon.io-1.0.0-swagger.yaml,10.0,0.0
postmarkapp.com-account-0.9.0-swagger.yaml,14.0,0.0
postmarkapp.com-server-1.0.0-swagger.yaml,39.0,0.0
posty-api.herokuapp.com-v1-swagger.yaml,13.0,0.0
pressassociation.io-2.0-swagger.yaml,14.0,0.0
prss.org-2.0.0-swagger.yaml,11.0,0.0
ptv.vic.gov.au-v3-swagger.yaml,25.0,0.0
qualpay.com-1.7.0-swagger.yaml,16.0,0.0
quarantine.country-1.0-swagger.yaml,6.0,0.0
quicksold.co.uk-location-1.0-swagger.yaml,1.0,0.0
quotes.rest-2.1-swagger.yaml,16.0,0.0
rapidapi.com-language-identification-1.0.0-swagger.yaml,1.0,0.0
rawg.io-v1.0-swagger.yaml,31.0,0.0
rbaskets.in-1.0.0-swagger.yaml,10.0,0.0
redirection.io-1.1.0-swagger.yaml,69.0,0.0
refugerestrooms.org-0.0.1-swagger.yaml,4.0,0.0
regcheck.org.uk-1.0.0-swagger.yaml,1.0,0.0
reloadly.com-1.0.0-swagger.yaml,14.0,0.0
reverb.com-3.0-swagger.yaml,127.0,0.0
ritc.io-1.0.0-swagger.yaml,36.0,0.0
roaring.io-1.0-swagger.yaml,7.0,0.0
rottentomatoes.com-1.0-swagger.yaml,18.0,0.0
rummblelabs.com-1.0.0-swagger.yaml,11.0,0.0
runscope.com-1.0.0-swagger.yaml,18.0,0.0
salesloft.com-v2-swagger.yaml,41.0,0.0
schooldigger.com-v1-swagger.yaml,6.0,0.0
scrapewebsite.email-0.1-swagger.yaml,3.0,0.0
selectpdf.com-1.0.0-swagger.yaml,1.0,0.0
semantria.com-4.0-swagger.yaml,18.0,0.0
sendgrid.com-3.0-swagger.yaml,144.0,0.0
setlist.fm-1.0-swagger.yaml,15.0,0.0
sheerseo.com-0.0.1-swagger.yaml,5.0,0.0
sheetlabs.com-rig-veda-1.1-swagger.yaml,7.0,0.0
sheetlabs.com-vedic-society-1.1-swagger.yaml,4.0,0.0
shipstation.com-1.0.0-swagger.yaml,47.0,0.0
shorten.rest-1.0.0-swagger.yaml,3.0,0.0
simplyrets.com-1.0.0-swagger.yaml,4.0,0.0
skynewz-api-fortnite.herokuapp.com-3.1.5-swagger.yaml,9.0,0.0
slack.com-1.2.0-swagger.yaml,140.0,0.0
slicebox.local-2.0-swagger.yaml,95.0,0.0
slideroom.com-v2-swagger.yaml,7.0,0.0
smart-me.com-v1-swagger.yaml,34.0,0.0
solarvps.com-1.0.0-swagger.yaml,20.0,0.0
sonar.trading-1.0-swagger.yaml,4.0,0.0
spectrocoin.com-1.0.0-swagger.yaml,1.0,0.0
spinbot.net-1.0-swagger.yaml,4.0,0.0
spinitron.com-1.0.0-swagger.yaml,8.0,0.0
sportsdata.io-cbb-v3-scores-1.0-swagger.yaml,13.0,0.0
sportsdata.io-cbb-v3-stats-1.0-swagger.yaml,23.0,0.0
sportsdata.io-cfb-v3-scores-1.0-swagger.yaml,13.0,0.0
sportsdata.io-csgo-v3-scores-1.0-swagger.yaml,16.0,0.0
sportsdata.io-csgo-v3-stats-1.0-swagger.yaml,18.0,0.0
sportsdata.io-golf-v2-1.0-swagger.yaml,14.0,0.0
sportsdata.io-lol-v3-projections-1.0-swagger.yaml,2.0,0.0
sportsdata.io-lol-v3-scores-1.0-swagger.yaml,16.0,0.0
sportsdata.io-lol-v3-stats-1.0-swagger.yaml,21.0,0.0
sportsdata.io-mlb-v3-play-by-play-1.0-swagger.yaml,2.0,0.0
sportsdata.io-mlb-v3-projections-1.0-swagger.yaml,4.0,0.0
sportsdata.io-mlb-v3-rotoballer-articles-1.0-swagger.yaml,3.0,0.0
sportsdata.io-mlb-v3-rotoballer-premium-news-1.0-swagger.yaml,3.0,0.0
sportsdata.io-mlb-v3-scores-1.0-swagger.yaml,17.0,0.0
sportsdata.io-mlb-v3-stats-1.0-swagger.yaml,32.0,0.0
sportsdata.io-nascar-v2-1.0-swagger.yaml,6.0,0.0
sportsdata.io-nba-v3-play-by-play-1.0-swagger.yaml,2.0,0.0
sportsdata.io-nba-v3-projections-1.0-swagger.yaml,6.0,0.0
sportsdata.io-nba-v3-rotoballer-articles-1.0-swagger.yaml,3.0,0.0
sportsdata.io-nba-v3-rotoballer-premium-news-1.0-swagger.yaml,3.0,0.0
sportsdata.io-nba-v3-scores-1.0-swagger.yaml,16.0,0.0
sportsdata.io-nba-v3-stats-1.0-swagger.yaml,28.0,0.0
sportsdata.io-nfl-v3-play-by-play-1.0-swagger.yaml,3.0,0.0
sportsdata.io-nfl-v3-projections-1.0-swagger.yaml,13.0,0.0
sportsdata.io-nfl-v3-rotoballer-articles-1.0-swagger.yaml,3.0,0.0
sportsdata.io-nfl-v3-rotoballer-premium-news-1.0-swagger.yaml,4.0,0.0
sportsdata.io-nfl-v3-scores-1.0-swagger.yaml,32.0,0.0
sportsdata.io-nfl-v3-stats-1.0-swagger.yaml,73.0,0.0
sportsdata.io-nhl-v3-play-by-play-1.0-swagger.yaml,2.0,0.0
sportsdata.io-nhl-v3-projections-1.0-swagger.yaml,3.0,0.0
sportsdata.io-nhl-v3-scores-1.0-swagger.yaml,17.0,0.0
sportsdata.io-nhl-v3-stats-1.0-swagger.yaml,28.0,0.0
sportsdata.io-soccer-v3-projections-1.0-swagger.yaml,3.0,0.0
sportsdata.io-soccer-v3-scores-1.0-swagger.yaml,23.0,0.0
sportsdata.io-soccer-v3-stats-1.0-swagger.yaml,33.0,0.0
spotify.com-v1-swagger.yaml,27.0,0.0
squareup.com-2.0-swagger.yaml,63.0,0.0
staging-ecotaco.com-1.0.0-swagger.yaml,23.0,0.0
statsocial.com-1.0.0-swagger.yaml,9.0,0.0
stoplight.io-api-v1-swagger.yaml,0.0,0.0
storecove.com-2.0.1-swagger.yaml,9.0,0.0
stormglass.io-1.0.1-swagger.yaml,1.0,0.0
stripe.com-2019-12-03-swagger.yaml,210.0,0.0
surrey.ca-open511-0.1-swagger.yaml,4.0,0.0
surrey.ca-trafficloops-0.1-swagger.yaml,2.0,0.0
swagger.io-generator-2.4.11-swagger.yaml,5.0,0.0
swaggerhub.com-1.0.47-swagger.yaml,16.0,0.0
synq.fm-1.9.1-swagger.yaml,7.0,0.0
taggun.io-1.2.221-swagger.yaml,10.0,0.0
taxamo.com-1-swagger.yaml,30.0,0.0
taxrates.io-3.0-swagger.yaml,4.0,0.0
text2data.org-v3.1-swagger.yaml,1.0,0.0
tfl.gov.uk-v1-swagger.yaml,86.0,0.0
thenounproject.com-1.0.0-swagger.yaml,13.0,0.0
thesmsworks.co.uk-1.3.0-swagger.yaml,16.0,0.0
thetvdb.com-2.2.0-swagger.yaml,28.0,0.0
tinyuid.com-1.0.0-swagger.yaml,1.0,0.0
traccar.org-4.6-swagger.yaml,36.0,0.0
tradematic.com-1.0.2-swagger.yaml,58.0,0.0
transavia.com-1.0-swagger.yaml,5.0,0.0
transitfeeds.com-1.0.0-swagger.yaml,4.0,0.0
trashnothing.com-1.1-swagger.yaml,54.0,0.0
trello.com-1.0-swagger.yaml,264.0,0.0
turbinelabs.io-1.0-swagger.yaml,25.0,0.0
tvmaze.com-1.0-swagger.yaml,18.0,0.0
twilio.com-2010-04-01-swagger.yaml,63.0,0.0
twinehealth.com-v7.78.1-swagger.yaml,46.0,0.0
twitter.com-legacy-1.1-swagger.yaml,82.0,0.0
tyk.com-1.9-swagger.yaml,13.0,0.0
uebermaps.com-2.0-swagger.yaml,36.0,0.0
vatapi.com-1-swagger.yaml,9.0,0.0
versioneye.com-2.0-swagger.yaml,35.0,0.0
vestorly.com-1.0.0-swagger.yaml,30.0,0.0
victorops.com-0.0.3-swagger.yaml,49.0,0.0
visagecloud.com-1.1-swagger.yaml,36.0,0.0
visiblethread.com-1.0-swagger.yaml,8.0,0.0
vocadb.net-v1-swagger.yaml,88.0,0.0
voodoomfg.com-2.0.0-swagger.yaml,10.0,0.0
waag.org-v1-swagger.yaml,26.0,0.0
walmart.com-inventory-3.0.1-swagger.yaml,4.0,0.0
walmart.com-item-3.0.1-swagger.yaml,4.0,0.0
walmart.com-order-3.0.1-swagger.yaml,9.0,0.0
walmart.com-price-3.0.1-swagger.yaml,2.0,0.0
warwick.ac.uk-enterobase-v2.0-swagger.yaml,17.0,0.0
watchful.li-1.0.0-swagger.yaml,43.0,0.0
waterlinked.com-1.0.0-swagger.yaml,20.0,0.0
wavecell.com-v1-swagger.yaml,4.0,0.0
wealthport.com-1.0-swagger.yaml,15.0,0.0
weatherbit.io-2.0.0-swagger.yaml,64.0,0.0
weber-gesamtausgabe.de-1.0.0-swagger.yaml,8.0,0.0
wedpax.com-v1-swagger.yaml,66.0,0.0
whapi.com-accounts-2.0.0-swagger.yaml,8.0,0.0
whapi.com-bets-2.0.0-swagger.yaml,6.0,0.0
whapi.com-locations-2.0-swagger.yaml,5.0,0.0
whapi.com-numbers-2.0-swagger.yaml,1.0,0.0
whapi.com-sessions-2.0.0-swagger.yaml,3.0,0.0
whapi.com-sportsdata-2-swagger.yaml,15.0,0.0
who-hosts-this.com-0.0.1-swagger.yaml,2.0,0.0
wikimedia.org-1.0.0-swagger.yaml,35.0,0.0
windows.net-batch-BatchService-2018-08-01.7.0-swagger.yaml,54.0,0.0
windows.net-graphrbac-1.6-swagger.yaml,36.0,0.0
winsms.co.za-1.0.0-swagger.yaml,11.0,0.0
wmata.com-bus-realtime-1.0-swagger.yaml,2.0,0.0
wmata.com-bus-route-1.0-swagger.yaml,12.0,0.0
wmata.com-incidents-1.0-swagger.yaml,6.0,0.0
wmata.com-rail-realtime-1.0-swagger.yaml,2.0,0.0
wmata.com-rail-station-1.0-swagger.yaml,16.0,0.0
wordassociations.net-1.0-swagger.yaml,1.0,0.0
wordnik.com-4.0-swagger.yaml,24.0,0.0
wowza.com-1-swagger.yaml,70.0,0.0
wso2apistore.com-transform-1.0.0-swagger.yaml,2.0,0.0
xero.com-2.0-swagger.yaml,87.0,0.0
youneedabudget.com-1.0.0-swagger.yaml,24.0,0.0
yunbi.com-v2-swagger.yaml,21.0,0.0
zalando.com-v1.0-swagger.yaml,20.0,0.0
zappiti.com-4.15.174-swagger.yaml,7.0,0.0
zenoti.com-1.0.0-swagger.yaml,105.0,0.0
zoom.us-2.0.0-swagger.yaml,76.0,0.0
zoomconnect.com-1-swagger.yaml,35.0,0.0
zuora.com-2019-12-27-swagger.yaml,311.0,0.0
