ably.io-1.1.0-openapi.yaml,[cloud]
adyen.com-AccountService-5-openapi.yaml,[payment]
adyen.com-CheckoutService-46-openapi.yaml,[payment]
adyen.com-CheckoutUtilityService-1-openapi.yaml,[payment]
adyen.com-FundService-5-openapi.yaml,[payment]
adyen.com-MarketPayNotificationService-5-openapi.yaml,[payment]
adyen.com-NotificationConfigurationService-1-openapi.yaml,[payment]
adyen.com-PaymentService-46-openapi.yaml,[payment]
adyen.com-PayoutService-30-openapi.yaml,[payment]
adyen.com-RecurringService-25-openapi.yaml,[payment]
amazonaws.com-accessanalyzer-2019-11-01-openapi.yaml,[cloud]
amazonaws.com-acm-2015-12-08-openapi.yaml,[cloud]
amazonaws.com-acm-pca-2017-08-22-openapi.yaml,[cloud]
amazonaws.com-alexaforbusiness-2017-11-09-openapi.yaml,[cloud]
amazonaws.com-amplify-2017-07-25-openapi.yaml,[cloud]
amazonaws.com-apigatewayv2-2018-11-29-openapi.yaml,[cloud]
amazonaws.com-appconfig-2019-10-09-openapi.yaml,[cloud]
amazonaws.com-application-autoscaling-2016-02-06-openapi.yaml,[cloud]
amazonaws.com-application-insights-2018-11-25-openapi.yaml,[cloud]
amazonaws.com-appmesh-2019-01-25-openapi.yaml,[cloud]
amazonaws.com-appstream-2016-12-01-openapi.yaml,[cloud]
amazonaws.com-appsync-2017-07-25-openapi.yaml,[cloud]
amazonaws.com-athena-2017-05-18-openapi.yaml,[cloud]
amazonaws.com-autoscaling-plans-2018-01-06-openapi.yaml,[cloud]
amazonaws.com-AWSMigrationHub-2017-05-31-openapi.yaml,[cloud]
amazonaws.com-backup-2018-11-15-openapi.yaml,[cloud]
amazonaws.com-batch-2016-08-10-openapi.yaml,[cloud]
amazonaws.com-budgets-2016-10-20-openapi.yaml,[cloud]
amazonaws.com-ce-2017-10-25-openapi.yaml,[cloud]
amazonaws.com-chime-2018-05-01-openapi.yaml,[cloud]
amazonaws.com-cloud9-2017-09-23-openapi.yaml,[cloud]
amazonaws.com-clouddirectory-2017-01-11-openapi.yaml,[cloud]
amazonaws.com-cloudformation-2010-05-15-openapi.yaml,[cloud]
amazonaws.com-cloudfront-2019-03-26-openapi.yaml,[cloud]
amazonaws.com-cloudhsm-2014-05-30-openapi.yaml,[cloud]
amazonaws.com-cloudhsmv2-2017-04-28-openapi.yaml,[cloud]
amazonaws.com-cloudsearch-2013-01-01-openapi.yaml,[cloud]
amazonaws.com-cloudsearchdomain-2013-01-01-openapi.yaml,[cloud]
amazonaws.com-cloudtrail-2013-11-01-openapi.yaml,[cloud]
amazonaws.com-codebuild-2016-10-06-openapi.yaml,[cloud]
amazonaws.com-codecommit-2015-04-13-openapi.yaml,[cloud]
amazonaws.com-codedeploy-2014-10-06-openapi.yaml,[cloud]
amazonaws.com-codeguru-reviewer-2019-09-19-openapi.yaml,[cloud]
amazonaws.com-codeguruprofiler-2019-07-18-openapi.yaml,[cloud]
amazonaws.com-codepipeline-2015-07-09-openapi.yaml,[cloud]
amazonaws.com-codestar-2017-04-19-openapi.yaml,[cloud]
amazonaws.com-codestar-connections-2019-12-01-openapi.yaml,[cloud]
amazonaws.com-codestar-notifications-2019-10-15-openapi.yaml,[cloud]
amazonaws.com-cognito-identity-2014-06-30-openapi.yaml,[cloud]
amazonaws.com-cognito-idp-2016-04-18-openapi.yaml,[cloud]
amazonaws.com-cognito-sync-2014-06-30-openapi.yaml,[cloud]
amazonaws.com-comprehend-2017-11-27-openapi.yaml,[cloud]
amazonaws.com-comprehendmedical-2018-10-30-openapi.yaml,[cloud]
amazonaws.com-compute-optimizer-2019-11-01-openapi.yaml,[cloud]
amazonaws.com-config-2014-11-12-openapi.yaml,[cloud]
amazonaws.com-connect-2017-08-08-openapi.yaml,[cloud]
amazonaws.com-connectparticipant-2018-09-07-openapi.yaml,[cloud]
amazonaws.com-cur-2017-01-06-openapi.yaml,[cloud]
amazonaws.com-dataexchange-2017-07-25-openapi.yaml,[cloud]
amazonaws.com-datapipeline-2012-10-29-openapi.yaml,[cloud]
amazonaws.com-datasync-2018-11-09-openapi.yaml,[cloud]
amazonaws.com-dax-2017-04-19-openapi.yaml,[cloud]
amazonaws.com-detective-2018-10-26-openapi.yaml,[cloud]
amazonaws.com-devicefarm-2015-06-23-openapi.yaml,[cloud]
amazonaws.com-directconnect-2012-10-25-openapi.yaml,[cloud]
amazonaws.com-discovery-2015-11-01-openapi.yaml,[cloud]
amazonaws.com-dlm-2018-01-12-openapi.yaml,[cloud]
amazonaws.com-dms-2016-01-01-openapi.yaml,[cloud]
amazonaws.com-docdb-2014-10-31-openapi.yaml,[cloud]
amazonaws.com-ds-2015-04-16-openapi.yaml,[cloud]
amazonaws.com-dynamodb-2012-08-10-openapi.yaml,[cloud]
amazonaws.com-ebs-2019-11-02-openapi.yaml,[cloud]
amazonaws.com-ec2-2016-11-15-openapi.yaml,[cloud]
amazonaws.com-ec2-instance-connect-2018-04-02-openapi.yaml,[cloud]
amazonaws.com-ecr-2015-09-21-openapi.yaml,[cloud]
amazonaws.com-ecs-2014-11-13-openapi.yaml,[cloud]
amazonaws.com-eks-2017-11-01-openapi.yaml,[cloud]
amazonaws.com-elastic-inference-2017-07-25-openapi.yaml,[cloud]
amazonaws.com-elasticache-2015-02-02-openapi.yaml,[cloud]
amazonaws.com-elasticbeanstalk-2010-12-01-openapi.yaml,[cloud]
amazonaws.com-elasticfilesystem-2015-02-01-openapi.yaml,[cloud]
amazonaws.com-elasticloadbalancing-2012-06-01-openapi.yaml,[cloud]
amazonaws.com-elasticloadbalancingv2-2015-12-01-openapi.yaml,[cloud]
amazonaws.com-elasticmapreduce-2009-03-31-openapi.yaml,[cloud]
amazonaws.com-elastictranscoder-2012-09-25-openapi.yaml,[cloud]
amazonaws.com-email-2010-12-01-openapi.yaml,[cloud]
amazonaws.com-entitlement.marketplace-2017-01-11-openapi.yaml,[cloud]
amazonaws.com-es-2015-01-01-openapi.yaml,[cloud]
amazonaws.com-eventbridge-2015-10-07-openapi.yaml,[cloud]
amazonaws.com-events-2015-10-07-openapi.yaml,[cloud]
amazonaws.com-firehose-2015-08-04-openapi.yaml,[cloud]
amazonaws.com-fms-2018-01-01-openapi.yaml,[cloud]
amazonaws.com-forecast-2018-06-26-openapi.yaml,[cloud]
amazonaws.com-forecastquery-2018-06-26-openapi.yaml,[cloud]
amazonaws.com-frauddetector-2019-11-15-openapi.yaml,[cloud]
amazonaws.com-fsx-2018-03-01-openapi.yaml,[cloud]
amazonaws.com-gamelift-2015-10-01-openapi.yaml,[cloud]
amazonaws.com-glacier-2012-06-01-openapi.yaml,[cloud]
amazonaws.com-globalaccelerator-2018-08-08-openapi.yaml,[cloud]
amazonaws.com-glue-2017-03-31-openapi.yaml,[cloud]
amazonaws.com-greengrass-2017-06-07-openapi.yaml,[cloud]
amazonaws.com-groundstation-2019-05-23-openapi.yaml,[cloud]
amazonaws.com-guardduty-2017-11-28-openapi.yaml,[cloud]
amazonaws.com-health-2016-08-04-openapi.yaml,[cloud]
amazonaws.com-iam-2010-05-08-openapi.yaml,[cloud]
amazonaws.com-imagebuilder-2019-12-02-openapi.yaml,[cloud]
amazonaws.com-importexport-2010-06-01-openapi.yaml,[cloud]
amazonaws.com-inspector-2016-02-16-openapi.yaml,[cloud]
amazonaws.com-iot-2015-05-28-openapi.yaml,[cloud]
amazonaws.com-iot-data-2015-05-28-openapi.yaml,[cloud]
amazonaws.com-iot-jobs-data-2017-09-29-openapi.yaml,[cloud]
amazonaws.com-iot1click-devices-2018-05-14-openapi.yaml,[cloud]
amazonaws.com-iot1click-projects-2018-05-14-openapi.yaml,[cloud]
amazonaws.com-iotanalytics-2017-11-27-openapi.yaml,[cloud]
amazonaws.com-iotevents-2018-07-27-openapi.yaml,[cloud]
amazonaws.com-iotevents-data-2018-10-23-openapi.yaml,[cloud]
amazonaws.com-iotsecuretunneling-2018-10-05-openapi.yaml,[cloud]
amazonaws.com-iotsitewise-2019-12-02-openapi.yaml,[cloud]
amazonaws.com-iotthingsgraph-2018-09-06-openapi.yaml,[cloud]
amazonaws.com-kafka-2018-11-14-openapi.yaml,[cloud]
amazonaws.com-kendra-2019-02-03-openapi.yaml,[cloud]
amazonaws.com-kinesis-2013-12-02-openapi.yaml,[cloud]
amazonaws.com-kinesis-video-archived-media-2017-09-30-openapi.yaml,[cloud]
amazonaws.com-kinesis-video-media-2017-09-30-openapi.yaml,[cloud]
amazonaws.com-kinesis-video-signaling-2019-12-04-openapi.yaml,[cloud]
amazonaws.com-kinesisanalyticsv2-2018-05-23-openapi.yaml,[cloud]
amazonaws.com-kinesisvideo-2017-09-30-openapi.yaml,[cloud]
amazonaws.com-kms-2014-11-01-openapi.yaml,[cloud]
amazonaws.com-lakeformation-2017-03-31-openapi.yaml,[cloud]
amazonaws.com-lambda-2015-03-31-openapi.yaml,[cloud]
amazonaws.com-lex-models-2017-04-19-openapi.yaml,[cloud]
amazonaws.com-license-manager-2018-08-01-openapi.yaml,[cloud]
amazonaws.com-lightsail-2016-11-28-openapi.yaml,[cloud]
amazonaws.com-logs-2014-03-28-openapi.yaml,[cloud]
amazonaws.com-machinelearning-2014-12-12-openapi.yaml,[cloud]
amazonaws.com-macie-2017-12-19-openapi.yaml,[cloud]
amazonaws.com-managedblockchain-2018-09-24-openapi.yaml,[cloud]
amazonaws.com-marketplace-catalog-2018-09-17-openapi.yaml,[cloud]
amazonaws.com-marketplacecommerceanalytics-2015-07-01-openapi.yaml,[cloud]
amazonaws.com-mediaconnect-2018-11-14-openapi.yaml,[cloud]
amazonaws.com-mediaconvert-2017-08-29-openapi.yaml,[cloud]
amazonaws.com-medialive-2017-10-14-openapi.yaml,[cloud]
amazonaws.com-mediapackage-vod-2018-11-07-openapi.yaml,[cloud]
amazonaws.com-mediastore-data-2017-09-01-openapi.yaml,[cloud]
amazonaws.com-mediatailor-2018-04-23-openapi.yaml,[cloud]
amazonaws.com-meteringmarketplace-2016-01-14-openapi.yaml,[cloud]
amazonaws.com-migrationhub-config-2019-06-30-openapi.yaml,[cloud]
amazonaws.com-mobile-2017-07-01-openapi.yaml,[cloud]
amazonaws.com-mobileanalytics-2014-06-05-openapi.yaml,[cloud]
amazonaws.com-monitoring-2010-08-01-openapi.yaml,[cloud]
amazonaws.com-mq-2017-11-27-openapi.yaml,[cloud]
amazonaws.com-mturk-requester-2017-01-17-openapi.yaml,[cloud]
amazonaws.com-neptune-2014-10-31-openapi.yaml,[cloud]
amazonaws.com-networkmanager-2019-07-05-openapi.yaml,[cloud]
amazonaws.com-opsworks-2013-02-18-openapi.yaml,[cloud]
amazonaws.com-opsworkscm-2016-11-01-openapi.yaml,[cloud]
amazonaws.com-organizations-2016-11-28-openapi.yaml,[cloud]
amazonaws.com-outposts-2019-12-03-openapi.yaml,[cloud]
amazonaws.com-personalize-2018-05-22-openapi.yaml,[cloud]
amazonaws.com-personalize-events-2018-03-22-openapi.yaml,[cloud]
amazonaws.com-personalize-runtime-2018-05-22-openapi.yaml,[cloud]
amazonaws.com-pi-2018-02-27-openapi.yaml,[cloud]
amazonaws.com-pinpoint-2016-12-01-openapi.yaml,[cloud]
amazonaws.com-pinpoint-email-2018-07-26-openapi.yaml,[cloud]
amazonaws.com-polly-2016-06-10-openapi.yaml,[cloud]
amazonaws.com-pricing-2017-10-15-openapi.yaml,[cloud]
amazonaws.com-qldb-2019-01-02-openapi.yaml,[cloud]
amazonaws.com-qldb-session-2019-07-11-openapi.yaml,[cloud]
amazonaws.com-quicksight-2018-04-01-openapi.yaml,[cloud]
amazonaws.com-ram-2018-01-04-openapi.yaml,[cloud]
amazonaws.com-rds-2014-10-31-openapi.yaml,[cloud]
amazonaws.com-rds-data-2018-08-01-openapi.yaml,[cloud]
amazonaws.com-redshift-2012-12-01-openapi.yaml,[cloud]
amazonaws.com-rekognition-2016-06-27-openapi.yaml,[cloud]
amazonaws.com-resource-groups-2017-11-27-openapi.yaml,[cloud]
amazonaws.com-resourcegroupstaggingapi-2017-01-26-openapi.yaml,[cloud]
amazonaws.com-robomaker-2018-06-29-openapi.yaml,[cloud]
amazonaws.com-route53-2013-04-01-openapi.yaml,[cloud]
amazonaws.com-route53domains-2014-05-15-openapi.yaml,[cloud]
amazonaws.com-route53resolver-2018-04-01-openapi.yaml,[cloud]
amazonaws.com-runtime.lex-2016-11-28-openapi.yaml,[cloud]
amazonaws.com-runtime.sagemaker-2017-05-13-openapi.yaml,[cloud]
amazonaws.com-s3-2006-03-01-openapi.yaml,[cloud]
amazonaws.com-s3control-2018-08-20-openapi.yaml,[cloud]
amazonaws.com-sagemaker-2017-07-24-openapi.yaml,[cloud]
amazonaws.com-sagemaker-a2i-runtime-2019-11-07-openapi.yaml,[cloud]
amazonaws.com-savingsplans-2019-06-28-openapi.yaml,[cloud]
amazonaws.com-schemas-2019-12-02-openapi.yaml,[cloud]
amazonaws.com-sdb-2009-04-15-openapi.yaml,[cloud]
amazonaws.com-secretsmanager-2017-10-17-openapi.yaml,[cloud]
amazonaws.com-securityhub-2018-10-26-openapi.yaml,[cloud]
amazonaws.com-serverlessrepo-2017-09-08-openapi.yaml,[cloud]
amazonaws.com-service-quotas-2019-06-24-openapi.yaml,[cloud]
amazonaws.com-servicecatalog-2015-12-10-openapi.yaml,[cloud]
amazonaws.com-servicediscovery-2017-03-14-openapi.yaml,[cloud]
amazonaws.com-sesv2-2019-09-27-openapi.yaml,[cloud]
amazonaws.com-shield-2016-06-02-openapi.yaml,[cloud]
amazonaws.com-signer-2017-08-25-openapi.yaml,[cloud]
amazonaws.com-sms-voice-2018-09-05-openapi.yaml,[cloud]
amazonaws.com-snowball-2016-06-30-openapi.yaml,[cloud]
amazonaws.com-sns-2010-03-31-openapi.yaml,[cloud]
amazonaws.com-sqs-2012-11-05-openapi.yaml,[cloud]
amazonaws.com-ssm-2014-11-06-openapi.yaml,[cloud]
amazonaws.com-sso-2019-06-10-openapi.yaml,[cloud]
amazonaws.com-sso-oidc-2019-06-10-openapi.yaml,[cloud]
amazonaws.com-states-2016-11-23-openapi.yaml,[cloud]
amazonaws.com-storagegateway-2013-06-30-openapi.yaml,[cloud]
amazonaws.com-streams.dynamodb-2012-08-10-openapi.yaml,[cloud]
amazonaws.com-sts-2011-06-15-openapi.yaml,[cloud]
amazonaws.com-support-2013-04-15-openapi.yaml,[cloud]
amazonaws.com-swf-2012-01-25-openapi.yaml,[cloud]
amazonaws.com-synthetics-2017-10-11-openapi.yaml,[cloud]
amazonaws.com-textract-2018-06-27-openapi.yaml,[cloud]
amazonaws.com-transcribe-2017-10-26-openapi.yaml,[cloud]
amazonaws.com-transfer-2018-11-05-openapi.yaml,[cloud]
amazonaws.com-translate-2017-07-01-openapi.yaml,[cloud]
amazonaws.com-waf-2015-08-24-openapi.yaml,[cloud]
amazonaws.com-waf-regional-2016-11-28-openapi.yaml,[cloud]
amazonaws.com-wafv2-2019-07-29-openapi.yaml,[cloud]
amazonaws.com-workdocs-2016-05-01-openapi.yaml,[cloud]
amazonaws.com-worklink-2018-09-25-openapi.yaml,[cloud]
amazonaws.com-workmail-2017-10-01-openapi.yaml,[cloud]
amazonaws.com-workmailmessageflow-2019-05-01-openapi.yaml,[cloud]
amazonaws.com-workspaces-2015-04-08-openapi.yaml,[cloud]
amazonaws.com-xray-2016-04-12-openapi.yaml,[cloud]
api.gov.uk-vehicle-enquiry-1.1.0-openapi.yaml,[open_data]
api2pdf.com-1.0.0-openapi.yaml,[developer_tools]
autodealerdata.com-0.1-openapi.yaml,[ecommerce]
bbc.com-1.0.0-openapi.yaml,[media, open_data]
bbci.co.uk-1.0-openapi.yaml,[media]
bclaws.ca-bclaws-1.0.0-openapi.yaml,[open_data]
bikewise.org-v2-openapi.yaml,[open_data]
bintable.com-1.0.0-oas3-openapi.yaml,[financial]
box.com-2.0-openapi.yaml,[cloud]
brex.io-1.0.0-openapi.yaml,[financial]
bunq.com-1.0-openapi.yaml,[financial]
canada-holidays.ca-1.0-openapi.yaml,[open_data]
chompthis.com-1.0.0-oas3-openapi.yaml,[tools]
configcat.com-v1-openapi.yaml,[developer_tools]
covid19-api.com-1.0.1-openapi.yaml,[open_data]
cpy.re-peertube-1.3.1-openapi.yaml,[social]
datumbox.com-1.0-openapi.yaml,[machine_learning, text]
departureboard.io-2.0-openapi.yaml,[transport]
exchangerate-api.com-4-openapi.yaml,[financial]
extendsclass.com-json-storage-0.1-openapi.yaml,[developer_tools]
extpose.com-1.0.0-openapi.yaml,[developer_tools]
exude-api.herokuapp.com-1.0.0-openapi.yaml,[text]
fraudlabspro.com-fraud-detection-1.1-openapi.yaml,[ecommerce]
fraudlabspro.com-sms-verification-1.0-openapi.yaml,[telecom]
fulfillment.com-2.0-openapi.yaml,[ecommerce]
geodatasource.com-1.0-openapi.yaml,[location]
getthedata.com-bng2latlong-1.0-openapi.yaml,[location]
github.com-9.0.0-openapi.yaml,[collaboration, developer_tools]
googleapis.com-admin-datatransfer_v1-openapi.yaml,[analytics]
googleapis.com-admin-reports_v1-openapi.yaml,[analytics]
googleapis.com-analytics-v3-openapi.yaml,[analytics]
googleapis.com-analyticsreporting-v4-openapi.yaml,[analytics]
googleapis.com-androidpublisher-v1.1-openapi.yaml,[developer_tools]
googleapis.com-androidpublisher-v3-openapi.yaml,[developer_tools]
googleapis.com-bigquery-v2-openapi.yaml,[search]
googleapis.com-blogger-v3-openapi.yaml,[social]
googleapis.com-books-v1-openapi.yaml,[media]
googleapis.com-calendar-v3-openapi.yaml,[time_management]
googleapis.com-classroom-v1-openapi.yaml,[education]
googleapis.com-cloudkms-v1-openapi.yaml,[security]
googleapis.com-content-v2.1-openapi.yaml,[ecommerce]
googleapis.com-customsearch-v1-openapi.yaml,[search]
googleapis.com-datastore-v1-openapi.yaml,[storage]
googleapis.com-datastore-v1beta1-openapi.yaml,[storage]
googleapis.com-datastore-v1beta3-openapi.yaml,[storage]
googleapis.com-discovery-v1-openapi.yaml,[developer_tools]
googleapis.com-dlp-v2-openapi.yaml,[cloud]
googleapis.com-dns-v1-openapi.yaml,[cloud]
googleapis.com-dns-v1beta2-openapi.yaml,[cloud]
googleapis.com-dns-v2beta1-openapi.yaml,[cloud]
googleapis.com-doubleclickbidmanager-v1-openapi.yaml,[marketing]
googleapis.com-doubleclicksearch-v2-openapi.yaml,[marketing]
googleapis.com-drive-v2-openapi.yaml,[storage]
googleapis.com-drive-v3-openapi.yaml,[storage]
googleapis.com-firebasedynamiclinks-v1-openapi.yaml,[backend]
googleapis.com-firebaserules-v1-openapi.yaml,[backend]
googleapis.com-firestore-v1-openapi.yaml,[backend]
googleapis.com-firestore-v1beta1-openapi.yaml,[backend]
googleapis.com-firestore-v1beta2-openapi.yaml,[backend]
googleapis.com-games-v1-openapi.yaml,[social]
googleapis.com-gamesConfiguration-v1configuration-openapi.yaml,[social]
googleapis.com-gamesManagement-v1management-openapi.yaml,[social]
googleapis.com-gmail-v1-openapi.yaml,[email]
googleapis.com-groupsmigration-v1-openapi.yaml,[cloud]
googleapis.com-groupssettings-v1-openapi.yaml,[cloud]
googleapis.com-iam-v1-openapi.yaml,[security]
googleapis.com-identitytoolkit-v3-openapi.yaml,[security]
googleapis.com-kgsearch-v1-openapi.yaml,[search]
googleapis.com-language-v1-openapi.yaml,[text]
googleapis.com-language-v1beta1-openapi.yaml,[text]
googleapis.com-language-v1beta2-openapi.yaml,[text]
googleapis.com-licensing-v1-openapi.yaml,[enterprise]
googleapis.com-logging-v2-openapi.yaml,[cloud]
googleapis.com-manufacturers-v1-openapi.yaml,[marketing]
googleapis.com-monitoring-v1-openapi.yaml,[monitoring]
googleapis.com-monitoring-v3-openapi.yaml,[monitoring]
googleapis.com-oauth2-v1-openapi.yaml,[security]
googleapis.com-oauth2-v2-openapi.yaml,[security]
googleapis.com-oslogin-v1-openapi.yaml,[backend]
googleapis.com-oslogin-v1alpha-openapi.yaml,[backend]
googleapis.com-oslogin-v1beta-openapi.yaml,[backend]
googleapis.com-pagespeedonline-v1-openapi.yaml,[tools]
googleapis.com-pagespeedonline-v2-openapi.yaml,[tools]
googleapis.com-pagespeedonline-v4-openapi.yaml,[tools]
googleapis.com-pagespeedonline-v5-openapi.yaml,[tools]
googleapis.com-people-v1-openapi.yaml,[social]
googleapis.com-playcustomapp-v1-openapi.yaml,[developer_tools]
googleapis.com-proximitybeacon-v1beta1-openapi.yaml,[iot]
googleapis.com-pubsub-v1-openapi.yaml,[messaging]
googleapis.com-pubsub-v1beta1a-openapi.yaml,[messaging]
googleapis.com-pubsub-v1beta2-openapi.yaml,[messaging]
googleapis.com-replicapool-v1beta1-openapi.yaml,[backend]
googleapis.com-reseller-v1-openapi.yaml,[enterprise]
googleapis.com-runtimeconfig-v1-openapi.yaml,[cloud]
googleapis.com-runtimeconfig-v1beta1-openapi.yaml,[cloud]
googleapis.com-safebrowsing-v4-openapi.yaml,[security]
googleapis.com-script-v1-openapi.yaml,[cloud]
googleapis.com-searchconsole-v1-openapi.yaml,[search]
googleapis.com-servicecontrol-v1-openapi.yaml,[cloud]
googleapis.com-servicemanagement-v1-openapi.yaml,[cloud]
googleapis.com-sheets-v4-openapi.yaml,[cloud]
googleapis.com-siteVerification-v1-openapi.yaml,[developer_tools]
googleapis.com-slides-v1-openapi.yaml,[cloud]
googleapis.com-sourcerepo-v1-openapi.yaml,[developer_tools]
googleapis.com-spanner-v1-openapi.yaml,[backend]
googleapis.com-speech-v1-openapi.yaml,[machine_learning]
googleapis.com-speech-v1p1beta1-openapi.yaml,[machine_learning]
googleapis.com-sqladmin-v1beta4-openapi.yaml,[backend]
googleapis.com-storage-v1-openapi.yaml,[storage]
googleapis.com-storage-v1beta2-openapi.yaml,[storage]
googleapis.com-storagetransfer-v1-openapi.yaml,[storage]
googleapis.com-streetviewpublish-v1-openapi.yaml,[location]
googleapis.com-tagmanager-v1-openapi.yaml,[analytics]
googleapis.com-tasks-v1-openapi.yaml,[time_management]
googleapis.com-testing-v1-openapi.yaml,[developer_tools]
googleapis.com-toolresults-v1beta3-openapi.yaml,[developer_tools]
googleapis.com-translate-v2-openapi.yaml,[text]
googleapis.com-translate-v3beta1-openapi.yaml,[text]
googleapis.com-vault-v1-openapi.yaml,[storage]
googleapis.com-videointelligence-v1-openapi.yaml,[media]
googleapis.com-videointelligence-v1beta2-openapi.yaml,[media]
googleapis.com-videointelligence-v1p1beta1-openapi.yaml,[media]
googleapis.com-videointelligence-v1p2beta1-openapi.yaml,[media]
googleapis.com-videointelligence-v1p3beta1-openapi.yaml,[media]
googleapis.com-vision-v1-openapi.yaml,[machine_learning, analytics]
googleapis.com-vision-v1p1beta1-openapi.yaml,[machine_learning, analytics]
googleapis.com-vision-v1p2beta1-openapi.yaml,[machine_learning, analytics]
googleapis.com-webfonts-v1-openapi.yaml,[developer_tools]
googleapis.com-webmasters-v3-openapi.yaml,[search]
googleapis.com-youtube-v3-openapi.yaml,[media]
googleapis.com-youtubeAnalytics-v1-openapi.yaml,[analytics, media]
googleapis.com-youtubeAnalytics-v2-openapi.yaml,[analytics, media]
googleapis.com-youtubereporting-v1-openapi.yaml,[analytics, media]
gov.bc.ca-bcdc-3.0.1-openapi.yaml,[open_data]
gov.bc.ca-bcgnws-3.x.x-openapi.yaml,[open_data]
gov.bc.ca-geocoder-2.0.0-openapi.yaml,[open_data]
gov.bc.ca-geomark-4.1.2-openapi.yaml,[open_data]
gov.bc.ca-gwells-v1-openapi.yaml,[open_data]
gov.bc.ca-jobposting-1.0.0-openapi.yaml,[open_data]
gov.bc.ca-news-1.0-openapi.yaml,[open_data]
gov.bc.ca-open511-1.0.0-openapi.yaml,[open_data]
gov.bc.ca-router-2.0.0-openapi.yaml,[open_data]
hackathonwatch.com-0.1-openapi.yaml,[social]
icons8.com-1.0.0-openapi.yaml,[media]
interzoid.com-convertcurrency-1.0.0-openapi.yaml,[developer_tools]
interzoid.com-getaddressmatch-1.0.0-openapi.yaml,[developer_tools]
interzoid.com-getareacodefromnumber-1.0.0-openapi.yaml,[developer_tools]
interzoid.com-getcitymatch-1.0.0-openapi.yaml,[developer_tools]
interzoid.com-getcitystandard-1.0.0-openapi.yaml,[developer_tools]
interzoid.com-getcompanymatch-1.0.0-openapi.yaml,[developer_tools]
interzoid.com-getcountrymatch-1.0.0-openapi.yaml,[developer_tools]
interzoid.com-getcountrystandard-1.0.0-openapi.yaml,[developer_tools]
interzoid.com-getcurrencyrate-1.0.0-openapi.yaml,[developer_tools]
interzoid.com-getemailinfo-1.0.0-openapi.yaml,[developer_tools]
interzoid.com-getfullnamematch-1.0.0-openapi.yaml,[developer_tools]
interzoid.com-getfullnameparsedmatch-1.0.0-openapi.yaml,[developer_tools]
interzoid.com-getglobalnumberinfo-1.0.0-openapi.yaml,[developer_tools]
interzoid.com-getglobaltime-1.0.0-openapi.yaml,[developer_tools]
interzoid.com-getstateabbreviation-1.0.0-openapi.yaml,[developer_tools]
interzoid.com-getweathercity-1.0.0-openapi.yaml,[developer_tools]
interzoid.com-getweatherzip-1.0.0-openapi.yaml,[developer_tools]
interzoid.com-getzipinfo-1.0.0-openapi.yaml,[developer_tools]
interzoid.com-globalpageload-1.0.0-openapi.yaml,[developer_tools]
interzoid.com-lookupareacode-1.0.0-openapi.yaml,[developer_tools]
ip2location.com-geolocation-1.0-openapi.yaml,[location]
ip2proxy.com-1.0-openapi.yaml,[location]
ip2whois.com-1.0-openapi.yaml,[developer_tools]
ipinfodb.com-1.0-openapi.yaml,[location]
iptwist.com-1.0.0-openapi.yaml,[developer_tools]
linode.com-4.5.0-openapi.yaml,[cloud]
listennotes.com-2.0-openapi.yaml,[entertainment]
mailboxvalidator.com-checker-1.0.0-openapi.yaml,[email]
mailboxvalidator.com-disposable-1.0.0-openapi.yaml,[email]
mailboxvalidator.com-validation-0.1-openapi.yaml,[email]
math.tools-1.5-openapi.yaml,[open_data]
mercure.local-0.3.2-openapi.yaml,[messaging]
microsoft.com-graph-1.0.1-openapi.yaml,[developer_tools]
mycru.io-1.0.0-openapi.yaml,[enterprise]
namsor.com-2.0.5-openapi.yaml,[text]
neowsapp.com-1.0-openapi.yaml,[open_data]
nic.at-domainfinder-1.0.0-openapi.yaml,[developer_tools]
nsidc.org-1.0.0-openapi.yaml,[open_data]
oceandrivers.com-1.0-openapi.yaml,[open_data]
opendatanetwork.com-1.0.0-openapi.yaml,[open_data]
openlinksw.com-osdb-1.0.0-openapi.yaml,[developer_tools]
parliament.uk-search-Live-openapi.yaml,[open_data]
patrowl.local-1.0.0-openapi.yaml,[security]
pdfbroker.io-v1-openapi.yaml,[text]
randommer.io-v1-openapi.yaml,[developer_tools]
rebilly.com-2.1-openapi.yaml,[developer_tools]
ritekit.com-1.0.0-openapi.yaml,[social]
shutterstock.com-1.0.16-openapi.yaml,[media]
stackexchange.com-2.0-openapi.yaml,[collaboration, developer_tools, support]
tisane.ai-1.0.0-openapi.yaml,[text]
tomtom.com-maps-1.0.0-openapi.yaml,[location]
tomtom.com-routing-1.0.0-openapi.yaml,[location]
tomtom.com-search-1.0.0-openapi.yaml,[location]
twitter.com-labs-1.12-openapi.yaml,[social]
twitter.com-labs-2.4-openapi.yaml,[social]
vimeo.com-3.4-openapi.yaml,[entertainment]
visualcrossing.com-weather-4.5-openapi.yaml,[location]
whatsapp.local-1.0-openapi.yaml,[messaging]
wheretocredit.com-1.0-openapi.yaml,[transport]
xkcd.com-1.0.0-openapi.yaml,[media]
